datetime,open,high,low,close,segment
2018-07-02,1.16725,1.16882,1.15898,1.16372,train_core
2018-07-03,1.16369,1.16737,1.16196,1.16551,train_core
2018-07-04,1.1655,1.16824,1.16293,1.16541,train_core
2018-07-05,1.16544,1.17211,1.1649,1.16897,train_core
2018-07-06,1.16888,1.17692,1.16804,1.17433,train_core
2018-07-09,1.1743,1.17919,1.17328,1.17511,train_core
2018-07-10,1.17492,1.17634,1.16893,1.17425,train_core
2018-07-11,1.17436,1.17588,1.16637,1.16692,train_core
2018-07-12,1.16696,1.16948,1.16483,1.16678,train_core
2018-07-13,1.16679,1.16868,1.16108,1.16834,train_core
2018-07-16,1.169,1.17266,1.16758,1.17109,train_core
2018-07-17,1.17092,1.17455,1.16475,1.16578,train_core
2018-07-18,1.16566,1.16632,1.15997,1.16359,train_core
2018-07-19,1.16357,1.16768,1.15728,1.16385,train_core
2018-07-20,1.16382,1.17371,1.16244,1.17177,train_core
2018-07-23,1.17249,1.17498,1.1682,1.16883,train_core
2018-07-24,1.16883,1.17152,1.16528,1.16849,train_core
2018-07-25,1.16851,1.17383,1.16624,1.17279,train_core
2018-07-26,1.17269,1.17447,1.16384,1.16398,train_core
2018-07-27,1.16398,1.16631,1.16184,1.16542,train_core
2018-07-30,1.16543,1.17201,1.16467,1.17047,train_core
2018-07-31,1.17045,1.17485,1.16835,1.169,train_core
2018-08-01,1.16901,1.17,1.16557,1.16565,train_core
2018-08-02,1.16576,1.16661,1.15784,1.15812,train_core
2018-08-03,1.15811,1.16085,1.15573,1.15638,train_core
2018-08-06,1.15665,1.15684,1.15274,1.15503,train_core
2018-08-07,1.15491,1.16066,1.15472,1.15954,train_core
2018-08-08,1.15956,1.16269,1.15712,1.16076,train_core
2018-08-09,1.16075,1.16178,1.15217,1.15232,train_core
2018-08-10,1.15224,1.15341,1.1386,1.14073,train_core
2018-08-13,1.13704,1.14316,1.13631,1.14083,train_core
2018-08-14,1.14082,1.14282,1.13278,1.13407,train_core
2018-08-15,1.13438,1.13537,1.12993,1.13423,train_core
2018-08-16,1.1344,1.14084,1.13343,1.13742,train_core
2018-08-17,1.1374,1.14451,1.13652,1.14377,train_core
2018-08-20,1.14379,1.14855,1.13931,1.14812,train_core
2018-08-21,1.14817,1.16017,1.14804,1.157,train_core
2018-08-22,1.157,1.16237,1.15538,1.15961,train_core
2018-08-23,1.15958,1.16009,1.15299,1.1538,train_core
2018-08-24,1.15382,1.16405,1.15349,1.1622,train_core
2018-08-27,1.16174,1.16944,1.15951,1.16791,train_core
2018-08-28,1.16782,1.17345,1.16632,1.16939,train_core
2018-08-29,1.16939,1.17102,1.16525,1.1706,train_core
2018-08-30,1.17061,1.17191,1.16423,1.1671,train_core
2018-08-31,1.1671,1.16909,1.15854,1.16009,train_core
2018-09-03,1.1596,1.16288,1.15898,1.1619,train_core
2018-09-04,1.16182,1.16198,1.1531,1.15801,train_core
2018-09-05,1.15799,1.16413,1.15432,1.16293,train_core
2018-09-06,1.16298,1.16603,1.16061,1.1622,train_core
2018-09-07,1.16217,1.16503,1.15515,1.15537,train_core
2018-09-10,1.15494,1.16171,1.15265,1.1591,train_core
2018-09-11,1.15913,1.16451,1.15662,1.16054,train_core
2018-09-12,1.16047,1.16506,1.15709,1.16255,train_core
2018-09-13,1.16251,1.17021,1.161,1.16896,train_core
2018-09-14,1.16898,1.17226,1.16215,1.16222,train_core
2018-09-17,1.16245,1.16991,1.16188,1.16823,train_core
2018-09-18,1.16826,1.17254,1.16528,1.16649,train_core
2018-09-19,1.16647,1.17158,1.16507,1.16721,train_core
2018-09-20,1.16714,1.17855,1.16696,1.17775,train_core
2018-09-21,1.17767,1.18037,1.17337,1.1749,train_core
2018-09-24,1.17477,1.18161,1.1725,1.17476,train_core
2018-09-25,1.17485,1.17936,1.17317,1.17648,train_core
2018-09-26,1.17649,1.1797,1.17244,1.17365,train_core
2018-09-27,1.17364,1.17565,1.16366,1.1638,train_core
2018-09-28,1.16379,1.16497,1.15674,1.16007,train_core
2018-10-01,1.16146,1.16236,1.15617,1.15754,train_core
2018-10-02,1.15754,1.15785,1.15044,1.15436,train_core
2018-10-03,1.1546,1.15931,1.14629,1.14749,train_core
2018-10-04,1.14752,1.15422,1.14624,1.15121,train_core
2018-10-05,1.15125,1.15493,1.14833,1.15177,train_core
2018-10-08,1.15209,1.15291,1.14591,1.14892,train_core
2018-10-09,1.14891,1.15028,1.14313,1.1488,train_core
2018-10-10,1.14887,1.15452,1.14792,1.15183,train_core
2018-10-11,1.15181,1.15992,1.1518,1.15923,train_core
2018-10-12,1.15913,1.16105,1.15337,1.15576,train_core
2018-10-15,1.15386,1.16061,1.15378,1.1577,train_core
2018-10-16,1.15769,1.16216,1.15652,1.15723,train_core
2018-10-17,1.15725,1.158,1.14944,1.14983,train_core
2018-10-18,1.1499,1.15267,1.14483,1.14506,train_core
2018-10-19,1.14508,1.15331,1.14311,1.1511,train_core
2018-10-22,1.15149,1.155,1.14547,1.14623,train_core
2018-10-23,1.14627,1.1493,1.14381,1.14685,train_core
2018-10-24,1.14688,1.14758,1.13776,1.13894,train_core
2018-10-25,1.13894,1.1432,1.13552,1.1373,train_core
2018-10-26,1.13709,1.14206,1.13348,1.14011,train_core
2018-10-29,1.13974,1.14157,1.13598,1.13707,train_core
2018-10-30,1.13707,1.13871,1.13396,1.13418,train_core
2018-10-31,1.13419,1.13593,1.13011,1.13123,train_core
2018-11-01,1.13135,1.14242,1.1311,1.1401,train_core
2018-11-02,1.1401,1.14559,1.13714,1.13856,train_core
2018-11-05,1.13854,1.14235,1.13521,1.14052,train_core
2018-11-06,1.14053,1.14375,1.13907,1.14244,train_core
2018-11-07,1.14228,1.15017,1.13938,1.14235,train_core
2018-11-08,1.14257,1.14462,1.13506,1.13609,train_core
2018-11-09,1.13609,1.13681,1.13153,1.13329,train_core
2018-11-12,1.13192,1.13298,1.12139,1.1215,train_core
2018-11-13,1.12155,1.1293,1.12146,1.12875,train_core
2018-11-14,1.12882,1.1347,1.12623,1.13091,train_core
2018-11-15,1.1305,1.13619,1.12697,1.13237,train_core
2018-11-16,1.13236,1.14204,1.13209,1.14167,train_core
2018-11-19,1.14126,1.14646,1.13939,1.14507,train_core
2018-11-20,1.14509,1.14724,1.13587,1.13688,train_core
2018-11-21,1.13689,1.1425,1.13655,1.13821,train_core
2018-11-22,1.13821,1.14341,1.13796,1.14004,train_core
2018-11-23,1.13994,1.14214,1.13277,1.13344,train_core
2018-11-26,1.13389,1.13839,1.13246,1.13259,train_core
2018-11-27,1.13262,1.13439,1.12773,1.12846,train_core
2018-11-28,1.12846,1.13879,1.12672,1.13654,train_core
2018-11-29,1.13653,1.14018,1.13487,1.1391,train_core
2018-11-30,1.1391,1.14004,1.13055,1.13182,train_core
2018-12-03,1.13513,1.13798,1.13192,1.13517,train_core
2018-12-04,1.13514,1.14188,1.13182,1.13419,train_core
2018-12-05,1.13421,1.13608,1.131,1.13432,train_core
2018-12-06,1.13432,1.14129,1.13203,1.13756,train_core
2018-12-07,1.13725,1.14239,1.13601,1.13871,train_core
2018-12-10,1.13906,1.14432,1.13498,1.13533,train_core
2018-12-11,1.13543,1.14003,1.13053,1.1314,train_core
2018-12-12,1.13134,1.13872,1.13134,1.13678,train_core
2018-12-13,1.13675,1.13937,1.13306,1.13557,train_core
2018-12-14,1.13561,1.13648,1.12686,1.13028,train_core
2018-12-17,1.13029,1.13581,1.12999,1.13471,train_core
2018-12-18,1.13474,1.14031,1.13369,1.13587,train_core
2018-12-19,1.13587,1.14399,1.13587,1.13756,train_core
2018-12-20,1.13756,1.1487,1.13701,1.14448,train_core
2018-12-21,1.14448,1.14746,1.13555,1.13679,train_core
2018-12-24,1.13675,1.14388,1.13595,1.14038,train_core
2018-12-26,1.13881,1.142,1.13422,1.13496,train_core
2018-12-27,1.1351,1.14546,1.13507,1.14281,train_core
2018-12-28,1.14288,1.14732,1.14247,1.14408,train_core
2018-12-31,1.14323,1.14675,1.14217,1.14616,train_core
2019-01-02,1.14615,1.14972,1.13242,1.13408,train_core
2019-01-03,1.13398,1.14108,1.1308,1.13889,train_core
2019-01-04,1.13912,1.14193,1.13452,1.13928,train_core
2019-01-07,1.13937,1.14833,1.13936,1.14733,train_core
2019-01-08,1.14736,1.14852,1.14225,1.14399,train_core
2019-01-09,1.144,1.15593,1.14361,1.15422,train_core
2019-01-10,1.15424,1.1571,1.14851,1.14989,train_core
2019-01-11,1.14988,1.15411,1.1458,1.14664,train_core
2019-01-14,1.14574,1.14825,1.14504,1.14675,train_core
2019-01-15,1.14673,1.14904,1.13816,1.14118,train_core
2019-01-16,1.14106,1.14247,1.13773,1.13903,train_core
2019-01-17,1.13906,1.14058,1.13695,1.13876,train_core
2019-01-18,1.13876,1.14101,1.13526,1.1363,train_core
2019-01-21,1.13588,1.13909,1.13563,1.13635,train_core
2019-01-22,1.13627,1.13736,1.13353,1.13585,train_core
2019-01-23,1.13581,1.13943,1.13498,1.13781,train_core
2019-01-24,1.138,1.13914,1.12887,1.13003,train_core
2019-01-25,1.13046,1.14186,1.12991,1.1406,train_core
2019-01-28,1.14008,1.14446,1.1391,1.1426,train_core
2019-01-29,1.14257,1.14513,1.1412,1.14324,train_core
2019-01-30,1.14303,1.15026,1.14069,1.14791,train_core
2019-01-31,1.14796,1.15154,1.14361,1.14452,train_core
2019-02-01,1.14459,1.14894,1.14346,1.14547,train_core
2019-02-04,1.14494,1.14607,1.14245,1.14346,train_core
2019-02-05,1.14366,1.14409,1.14012,1.14046,train_core
2019-02-06,1.14046,1.14099,1.13607,1.13609,train_core
2019-02-07,1.13616,1.13688,1.13241,1.13389,train_core
2019-02-08,1.13398,1.13511,1.13202,1.13204,train_core
2019-02-11,1.13169,1.13304,1.12675,1.12754,train_core
2019-02-12,1.12741,1.13393,1.12572,1.1324,train_core
2019-02-13,1.13225,1.13412,1.1259,1.1259,train_core
2019-02-14,1.12589,1.13094,1.12474,1.12936,train_core
2019-02-15,1.12933,1.13059,1.12338,1.12907,train_core
2019-02-18,1.129,1.13336,1.12882,1.13075,train_core
2019-02-19,1.13072,1.13573,1.12752,1.1339,train_core
2019-02-20,1.1339,1.13709,1.13246,1.13349,train_core
2019-02-21,1.13343,1.13662,1.13182,1.13323,train_core
2019-02-22,1.13316,1.13552,1.13154,1.13286,train_core
2019-02-25,1.13347,1.13669,1.13268,1.13556,train_core
2019-02-26,1.13559,1.14019,1.13444,1.13871,train_core
2019-02-27,1.13871,1.14028,1.13616,1.13679,train_core
2019-02-28,1.1368,1.14192,1.13584,1.13673,train_core
2019-03-01,1.13689,1.14079,1.13526,1.13614,train_core
2019-03-04,1.13808,1.13808,1.13083,1.13364,train_core
2019-03-05,1.13384,1.13399,1.1288,1.13055,train_core
2019-03-06,1.13051,1.13234,1.12839,1.1304,train_core
2019-03-07,1.13035,1.1319,1.11745,1.11907,train_core
2019-03-08,1.11901,1.12447,1.11833,1.12281,train_core
2019-03-11,1.12314,1.1257,1.12202,1.1247,train_core
2019-03-12,1.12472,1.13044,1.12455,1.12868,train_core
2019-03-13,1.12869,1.13383,1.12762,1.13297,train_core
2019-03-14,1.13303,1.13376,1.12937,1.13035,train_core
2019-03-15,1.1304,1.13443,1.12996,1.13238,train_core
2019-03-18,1.13217,1.13591,1.13187,1.13346,train_core
2019-03-19,1.13345,1.13617,1.13333,1.1349,train_core
2019-03-20,1.13496,1.14485,1.13355,1.14239,train_core
2019-03-21,1.14241,1.14378,1.1342,1.13728,train_core
2019-03-22,1.13725,1.13906,1.12717,1.1298,train_core
2019-03-25,1.12918,1.13307,1.12875,1.13115,train_core
2019-03-26,1.13114,1.13254,1.12616,1.12685,train_core
2019-03-27,1.12683,1.12841,1.12404,1.12489,train_core
2019-03-28,1.12491,1.12596,1.12117,1.12239,train_core
2019-03-29,1.12243,1.12449,1.12079,1.12153,train_core
2019-04-01,1.12268,1.12482,1.12018,1.12096,train_core
2019-04-02,1.12077,1.12141,1.11815,1.12013,train_core
2019-04-03,1.12004,1.1253,1.11976,1.12305,train_core
2019-04-04,1.12298,1.12458,1.12039,1.12171,train_core
2019-04-05,1.12144,1.12453,1.12081,1.12113,train_core
2019-04-08,1.12116,1.12733,1.12078,1.12586,train_core
2019-04-09,1.12586,1.12832,1.12537,1.12595,train_core
2019-04-10,1.12587,1.12867,1.12277,1.12711,train_core
2019-04-11,1.12709,1.12862,1.12482,1.12487,train_core
2019-04-12,1.12489,1.13238,1.12489,1.12968,train_core
2019-04-15,1.13014,1.13206,1.12964,1.13015,train_core
2019-04-16,1.13019,1.13135,1.1279,1.12791,train_core
2019-04-17,1.12791,1.13237,1.12778,1.12924,train_core
2019-04-18,1.12921,1.13032,1.12247,1.12267,train_core
2019-04-19,1.12276,1.12464,1.12256,1.12388,train_core
2019-04-22,1.1244,1.12611,1.12345,1.12558,train_core
2019-04-23,1.12557,1.12602,1.11908,1.12248,train_core
2019-04-24,1.12237,1.1225,1.11394,1.1151,train_core
2019-04-25,1.11497,1.11611,1.11167,1.11291,train_core
2019-04-26,1.11281,1.11726,1.11092,1.11381,train_core
2019-04-29,1.11438,1.11857,1.11435,1.11837,train_core
2019-04-30,1.11832,1.12287,1.11745,1.12133,train_core
2019-05-01,1.12133,1.12646,1.11863,1.11934,train_core
2019-05-02,1.11934,1.12182,1.11692,1.11693,train_core
2019-05-03,1.11669,1.12038,1.11336,1.12,train_core
2019-05-06,1.11771,1.12083,1.11691,1.11973,train_core
2019-05-07,1.11963,1.1217,1.11656,1.11892,train_core
2019-05-08,1.1189,1.1213,1.11819,1.11898,train_core
2019-05-09,1.11897,1.12512,1.11724,1.12127,train_core
2019-05-10,1.12124,1.12539,1.12111,1.12299,train_core
2019-05-13,1.12329,1.12638,1.12205,1.12206,train_core
2019-05-14,1.12205,1.12441,1.12003,1.1202,train_core
2019-05-15,1.1202,1.12231,1.11769,1.12001,train_core
2019-05-16,1.12001,1.12234,1.1165,1.11716,train_core
2019-05-17,1.11719,1.11828,1.11538,1.11546,train_core
2019-05-20,1.11585,1.11738,1.11492,1.11645,train_core
2019-05-21,1.11646,1.1186,1.11405,1.11574,train_core
2019-05-22,1.11575,1.11791,1.11475,1.11484,train_core
2019-05-23,1.11485,1.11871,1.1106,1.11817,train_core
2019-05-24,1.11815,1.12123,1.11734,1.12047,train_core
2019-05-27,1.12093,1.12155,1.11873,1.11915,train_core
2019-05-28,1.11917,1.11989,1.11599,1.11605,train_core
2019-05-29,1.11603,1.1173,1.11232,1.11293,train_core
2019-05-30,1.11292,1.1142,1.11146,1.11273,train_core
2019-05-31,1.11273,1.1179,1.11235,1.1165,train_core
2019-06-03,1.11658,1.12628,1.11592,1.12417,train_core
2019-06-04,1.12418,1.12782,1.12275,1.1252,train_core
2019-06-05,1.12519,1.1306,1.12195,1.12204,train_core
2019-06-06,1.12202,1.13091,1.12005,1.1276,train_core
2019-06-07,1.12758,1.13483,1.12514,1.13341,train_core
2019-06-10,1.13226,1.13311,1.12907,1.13113,train_core
2019-06-11,1.13113,1.1338,1.13022,1.13263,train_core
2019-06-12,1.13262,1.13439,1.12831,1.12869,train_core
2019-06-13,1.12867,1.13042,1.12682,1.12758,train_core
2019-06-14,1.12757,1.12894,1.12013,1.1206,train_core
2019-06-17,1.12078,1.12459,1.12026,1.1217,train_core
2019-06-18,1.12169,1.12424,1.11805,1.11921,train_core
2019-06-19,1.11918,1.12533,1.11862,1.12255,train_core
2019-06-20,1.12255,1.13174,1.12249,1.12924,train_core
2019-06-21,1.12923,1.13788,1.12837,1.13684,train_core
2019-06-24,1.13705,1.14054,1.13666,1.13995,train_core
2019-06-25,1.13995,1.14136,1.13455,1.13666,train_core
2019-06-26,1.13666,1.13916,1.13489,1.13687,train_core
2019-06-27,1.13686,1.13824,1.13487,1.13699,train_core
2019-06-28,1.13699,1.13942,1.1352,1.13702,train_core
2019-07-01,1.13612,1.1372,1.12806,1.12844,train_core
2019-07-02,1.12844,1.132,1.12746,1.12843,train_core
2019-07-03,1.12842,1.13117,1.12683,1.12768,train_core
2019-07-04,1.12768,1.12949,1.12727,1.12841,train_core
2019-07-05,1.12821,1.12873,1.12063,1.12226,train_core
2019-07-08,1.12252,1.12336,1.12062,1.1213,train_core
2019-07-09,1.12132,1.12179,1.11925,1.12069,train_core
2019-07-10,1.12069,1.12634,1.1201,1.125,train_core
2019-07-11,1.12501,1.12858,1.12447,1.12527,train_core
2019-07-12,1.12529,1.12745,1.12369,1.12685,train_core
2019-07-15,1.12681,1.1284,1.12536,1.12574,train_core
2019-07-16,1.12572,1.12631,1.12007,1.12089,train_core
2019-07-17,1.12089,1.12328,1.11986,1.12234,train_core
2019-07-18,1.12232,1.12809,1.12045,1.12771,train_core
2019-07-19,1.12771,1.12826,1.12026,1.12185,train_core
2019-07-22,1.12144,1.12244,1.12052,1.1208,train_core
2019-07-23,1.1208,1.12087,1.1145,1.11507,train_core
2019-07-24,1.11507,1.1155,1.11261,1.11391,train_core
2019-07-25,1.11392,1.11869,1.11006,1.11455,train_core
2019-07-26,1.11455,1.11499,1.11112,1.11229,train_core
2019-07-29,1.11226,1.115,1.11119,1.11436,train_core
2019-07-30,1.11436,1.116,1.11312,1.11535,train_core
2019-07-31,1.11535,1.11612,1.1059,1.10738,train_core
2019-08-01,1.10738,1.10941,1.10258,1.10835,train_core
2019-08-02,1.10838,1.11158,1.1069,1.11051,train_core
2019-08-05,1.11051,1.12138,1.11037,1.12037,train_core
2019-08-06,1.12039,1.12504,1.11677,1.11975,train_core
2019-08-07,1.11966,1.12422,1.11795,1.11986,train_core
2019-08-08,1.11988,1.12328,1.11772,1.11801,train_core
2019-08-09,1.11801,1.12235,1.11779,1.11984,train_core
2019-08-12,1.11978,1.12313,1.11618,1.12138,train_core
2019-08-13,1.12139,1.12292,1.11699,1.11705,train_core
2019-08-14,1.11705,1.11905,1.11299,1.11372,train_core
2019-08-15,1.11372,1.1158,1.10908,1.11065,train_core
2019-08-16,1.11065,1.11113,1.10654,1.10891,train_core
2019-08-19,1.10905,1.11128,1.10754,1.10769,train_core
2019-08-20,1.10766,1.1106,1.10649,1.10988,train_core
2019-08-21,1.10985,1.11062,1.10801,1.10833,train_core
2019-08-22,1.10832,1.1112,1.10624,1.10783,train_core
2019-08-23,1.10781,1.11524,1.10504,1.11377,train_core
2019-08-26,1.11488,1.11632,1.10938,1.10995,train_core
2019-08-27,1.10991,1.1115,1.10854,1.10892,train_core
2019-08-28,1.10889,1.10972,1.10727,1.10764,train_core
2019-08-29,1.10764,1.10909,1.10415,1.10558,train_core
2019-08-30,1.10557,1.10598,1.09626,1.09869,train_core
2019-09-02,1.09894,1.09959,1.09565,1.09656,train_core
2019-09-03,1.09661,1.09772,1.09246,1.09709,train_core
2019-09-04,1.09705,1.10374,1.0967,1.10326,train_core
2019-09-05,1.10341,1.10848,1.10156,1.10326,train_core
2019-09-06,1.10329,1.10565,1.10195,1.1025,train_core
2019-09-09,1.10232,1.10677,1.10146,1.10439,train_core
2019-09-10,1.1046,1.10587,1.10297,1.1042,train_core
2019-09-11,1.1042,1.10549,1.0984,1.10086,train_core
2019-09-12,1.10084,1.10867,1.09256,1.10617,train_core
2019-09-13,1.10628,1.11087,1.10546,1.10706,train_core
2019-09-16,1.10719,1.1086,1.09918,1.09981,train_core
2019-09-17,1.09961,1.1074,1.0989,1.1071,train_core
2019-09-18,1.10717,1.10757,1.10129,1.10277,train_core
2019-09-19,1.10275,1.1073,1.10217,1.10387,train_core
2019-09-20,1.10392,1.10669,1.09949,1.1015,train_core
2019-09-23,1.10087,1.10242,1.09648,1.09907,train_core
2019-09-24,1.09915,1.10231,1.09825,1.1017,train_core
2019-09-25,1.10185,1.10217,1.0936,1.094,train_core
2019-09-26,1.09401,1.0966,1.09076,1.0918,train_core
2019-09-27,1.09181,1.09575,1.09035,1.09363,train_core
2019-09-30,1.09389,1.09465,1.08844,1.08952,train_core
2019-10-01,1.08952,1.09415,1.08776,1.09304,train_core
2019-10-02,1.09301,1.0963,1.09028,1.09581,train_core
2019-10-03,1.09581,1.09991,1.09405,1.09635,train_core
2019-10-04,1.09635,1.09972,1.09573,1.09763,train_core
2019-10-07,1.09809,1.10019,1.0962,1.09703,train_core
2019-10-08,1.09696,1.09965,1.09404,1.0955,train_core
2019-10-09,1.09541,1.09906,1.09501,1.09714,train_core
2019-10-10,1.09708,1.10347,1.0969,1.10058,train_core
2019-10-11,1.1006,1.10633,1.10016,1.10344,train_core
2019-10-14,1.10304,1.10432,1.10141,1.10263,train_core
2019-10-15,1.10257,1.10466,1.09907,1.10316,train_core
2019-10-16,1.10305,1.1086,1.10222,1.10704,train_core
2019-10-17,1.10713,1.11404,1.10654,1.11237,train_core
2019-10-18,1.11235,1.11719,1.11153,1.11678,train_core
2019-10-21,1.11603,1.11801,1.11391,1.11492,train_core
2019-10-22,1.11498,1.11575,1.11182,1.11244,train_core
2019-10-23,1.1125,1.1141,1.11065,1.11293,train_core
2019-10-24,1.11305,1.11633,1.10927,1.11025,train_core
2019-10-25,1.11022,1.11232,1.10722,1.10788,train_core
2019-10-28,1.10801,1.11068,1.10753,1.10988,train_core
2019-10-29,1.1099,1.11183,1.10736,1.11114,train_core
2019-10-30,1.11113,1.11529,1.10798,1.11523,train_core
2019-10-31,1.11522,1.11755,1.11313,1.1151,train_core
2019-11-01,1.1151,1.11718,1.11283,1.11639,train_core
2019-11-04,1.11688,1.11754,1.11247,1.1127,train_core
2019-11-05,1.11273,1.114,1.10624,1.10729,train_core
2019-11-06,1.1073,1.10919,1.10641,1.10646,train_core
2019-11-07,1.10635,1.10907,1.10348,1.10484,train_core
2019-11-08,1.10483,1.10543,1.10156,1.10188,train_core
2019-11-11,1.10214,1.10419,1.10153,1.10313,train_core
2019-11-12,1.10312,1.10375,1.10012,1.10068,train_core
2019-11-13,1.10069,1.1019,1.09939,1.10045,train_core
2019-11-14,1.10044,1.10259,1.09876,1.10197,train_core
2019-11-15,1.10192,1.10562,1.10131,1.10524,train_core
2019-11-18,1.10493,1.10904,1.10471,1.10718,train_core
2019-11-19,1.10718,1.10843,1.10632,1.10785,train_core
2019-11-20,1.10784,1.10815,1.10525,1.10725,train_core
2019-11-21,1.10719,1.10973,1.10519,1.10578,train_core
2019-11-22,1.10576,1.10873,1.10132,1.10187,train_core
2019-11-25,1.10157,1.10312,1.10023,1.10117,train_core
2019-11-26,1.10114,1.1024,1.10059,1.10193,train_core
2019-11-27,1.10185,1.10235,1.09909,1.09975,train_core
2019-11-28,1.09975,1.10166,1.09969,1.10055,train_core
2019-11-29,1.10058,1.1027,1.09797,1.10155,train_core
2019-12-02,1.10218,1.10912,1.10016,1.10784,train_core
2019-12-03,1.10788,1.1094,1.10663,1.10811,train_core
2019-12-04,1.10813,1.11166,1.10667,1.10765,train_core
2019-12-05,1.10766,1.11084,1.10764,1.11043,train_core
2019-12-06,1.11039,1.11102,1.10389,1.10559,train_core
2019-12-09,1.10556,1.10774,1.10523,1.10626,train_core
2019-12-10,1.10626,1.10979,1.10619,1.10919,train_core
2019-12-11,1.10935,1.11453,1.10697,1.11294,train_core
2019-12-12,1.11295,1.11548,1.11034,1.11261,train_core
2019-12-13,1.11284,1.11995,1.11019,1.11179,train_core
2019-12-16,1.11271,1.11585,1.11228,1.11435,train_core
2019-12-17,1.11435,1.11752,1.11296,1.11496,train_core
2019-12-18,1.11486,1.11545,1.111,1.11119,train_core
2019-12-19,1.11125,1.11445,1.11068,1.11209,train_core
2019-12-20,1.11202,1.11247,1.1065,1.10751,train_core
2019-12-23,1.10772,1.10949,1.10688,1.10874,train_core
2019-12-24,1.10874,1.1093,1.10679,1.10863,train_core
2019-12-26,1.10874,1.11082,1.10812,1.10955,train_core
2019-12-27,1.10965,1.11888,1.10902,1.1173,train_core
2019-12-30,1.11745,1.12216,1.11719,1.11992,train_core
2019-12-31,1.11993,1.12402,1.11972,1.1212,train_core
2020-01-02,1.1212,1.12255,1.1164,1.1172,train_core
2020-01-03,1.1172,1.11792,1.11241,1.1154,train_core
2020-01-06,1.1163,1.12058,1.11565,1.11948,train_core
2020-01-07,1.11942,1.11978,1.11327,1.11518,train_core
2020-01-08,1.11514,1.11675,1.10998,1.11039,train_core
2020-01-09,1.11029,1.11192,1.10911,1.11043,train_core
2020-01-10,1.11042,1.11279,1.10837,1.11149,train_core
2020-01-13,1.1113,1.11459,1.11104,1.11328,train_core
2020-01-14,1.1132,1.11436,1.1103,1.11261,train_core
2020-01-15,1.11257,1.11629,1.11173,1.11488,train_core
2020-01-16,1.11487,1.11718,1.11268,1.11347,train_core
2020-01-17,1.11347,1.11416,1.10847,1.10886,train_core
2020-01-20,1.10913,1.11011,1.10751,1.10932,train_core
2020-01-21,1.10929,1.11167,1.10794,1.10805,train_core
2020-01-22,1.10815,1.1097,1.10687,1.10914,train_core
2020-01-23,1.10912,1.11072,1.10346,1.10501,train_core
2020-01-24,1.10501,1.10599,1.10177,1.1023,train_core
2020-01-27,1.10284,1.10358,1.10076,1.10161,train_core
2020-01-28,1.10169,1.10236,1.09959,1.10199,train_core
2020-01-29,1.10203,1.10258,1.09902,1.10078,train_core
2020-01-30,1.10078,1.10373,1.10041,1.10295,train_core
2020-01-31,1.10289,1.10943,1.10149,1.10936,train_core
2020-02-03,1.10925,1.10929,1.1034,1.10562,train_core
2020-02-04,1.1056,1.10627,1.10312,1.10419,train_core
2020-02-05,1.10418,1.10462,1.09915,1.09966,train_core
2020-02-06,1.09966,1.10118,1.09623,1.09803,train_core
2020-02-07,1.09801,1.0983,1.09398,1.09428,train_core
2020-02-10,1.09436,1.09553,1.09052,1.09081,train_core
2020-02-11,1.09081,1.09225,1.08886,1.09122,train_core
2020-02-12,1.09123,1.09232,1.08625,1.08709,train_core
2020-02-13,1.08709,1.08864,1.08315,1.0837,train_core
2020-02-14,1.08372,1.08589,1.08249,1.08275,train_core
2020-02-17,1.08383,1.08486,1.08266,1.08321,train_core
2020-02-18,1.08326,1.08351,1.07832,1.07886,train_core
2020-02-19,1.07886,1.0809,1.07799,1.08021,train_core
2020-02-20,1.08017,1.0819,1.07753,1.07823,train_core
2020-02-21,1.07821,1.08616,1.07812,1.08449,train_core
2020-02-24,1.08095,1.08701,1.08028,1.08504,train_core
2020-02-25,1.08506,1.08884,1.08281,1.08789,train_core
2020-02-26,1.08789,1.09068,1.0853,1.08794,train_core
2020-02-27,1.08803,1.10065,1.08745,1.09994,train_core
2020-02-28,1.09993,1.10533,1.09499,1.10267,train_core
2020-03-02,1.10476,1.11854,1.1036,1.11335,train_core
2020-03-03,1.11324,1.12136,1.10949,1.11716,train_core
2020-03-04,1.11696,1.11876,1.10949,1.11333,train_core
2020-03-05,1.11329,1.12449,1.11193,1.12379,train_core
2020-03-06,1.12376,1.13552,1.12118,1.1286,train_core
2020-03-09,1.13488,1.14954,1.13404,1.14463,train_core
2020-03-10,1.14464,1.14581,1.12747,1.12909,train_core
2020-03-11,1.12916,1.13668,1.12494,1.12607,train_core
2020-03-12,1.12606,1.13336,1.10547,1.11668,train_core
2020-03-13,1.11676,1.1221,1.10542,1.10982,train_core
2020-03-16,1.11882,1.12365,1.10839,1.11775,train_core
2020-03-17,1.11756,1.1189,1.09535,1.10046,train_core
2020-03-18,1.1005,1.10446,1.08004,1.0911,train_core
2020-03-19,1.09109,1.09804,1.06505,1.06569,train_core
2020-03-20,1.06569,1.083,1.06364,1.06921,train_core
2020-03-23,1.0693,1.08272,1.0635,1.0726,train_core
2020-03-24,1.07266,1.08871,1.07227,1.078,train_core
2020-03-25,1.07789,1.0893,1.07593,1.08788,train_core
2020-03-26,1.08788,1.10581,1.08691,1.10323,train_core
2020-03-27,1.10319,1.11468,1.09523,1.11372,train_core
2020-03-30,1.11168,1.1144,1.10086,1.10408,train_core
2020-03-31,1.10372,1.10534,1.09252,1.1028,train_core
2020-04-01,1.10326,1.10384,1.09019,1.09609,train_core
2020-04-02,1.09605,1.09672,1.08198,1.0855,train_core
2020-04-03,1.08544,1.0864,1.07716,1.08063,train_core
2020-04-06,1.08077,1.08344,1.07671,1.07913,train_core
2020-04-07,1.07913,1.09256,1.07827,1.08961,train_core
2020-04-08,1.0895,1.0907,1.08343,1.08551,train_core
2020-04-09,1.08539,1.09515,1.08399,1.09282,train_core
2020-04-10,1.09283,1.09516,1.09177,1.09311,train_core
2020-04-13,1.09487,1.09675,1.08917,1.09086,train_core
2020-04-14,1.09055,1.09867,1.0901,1.09773,train_core
2020-04-15,1.09782,1.099,1.08553,1.09082,train_core
2020-04-16,1.0905,1.09106,1.08162,1.08385,train_core
2020-04-17,1.08354,1.08928,1.08117,1.08706,train_core
2020-04-20,1.08657,1.08953,1.08398,1.08609,train_core
2020-04-21,1.08582,1.08792,1.08156,1.08555,train_core
2020-04-22,1.08547,1.08849,1.0802,1.08217,train_core
2020-04-23,1.08212,1.08458,1.0755,1.0775,train_core
2020-04-24,1.0775,1.08279,1.07258,1.08185,train_core
2020-04-27,1.08205,1.08599,1.08105,1.08276,train_core
2020-04-28,1.0827,1.08885,1.08086,1.08173,train_core
2020-04-29,1.08176,1.08849,1.08158,1.0869,train_core
2020-04-30,1.08717,1.09723,1.08319,1.09514,train_core
2020-05-01,1.095,1.10177,1.09345,1.09787,train_core
2020-05-04,1.0968,1.09737,1.08938,1.09012,train_core
2020-05-05,1.09012,1.09243,1.0824,1.08378,train_core
2020-05-06,1.08362,1.08457,1.07798,1.07923,train_core
2020-05-07,1.07888,1.08323,1.07646,1.08303,train_core
2020-05-08,1.08316,1.08741,1.08134,1.08348,train_core
2020-05-11,1.08249,1.0849,1.07983,1.08042,train_core
2020-05-12,1.08021,1.08846,1.07827,1.08456,train_core
2020-05-13,1.08454,1.08949,1.08105,1.08165,train_core
2020-05-14,1.08167,1.08231,1.07735,1.08029,train_core
2020-05-15,1.08033,1.08502,1.07876,1.08175,train_core
2020-05-18,1.08094,1.09274,1.07987,1.09124,train_core
2020-05-19,1.09161,1.09766,1.09028,1.09223,train_core
2020-05-20,1.09233,1.09996,1.09188,1.09783,train_core
2020-05-21,1.09768,1.1009,1.09373,1.09476,train_core
2020-05-22,1.09495,1.0954,1.08847,1.08987,train_core
2020-05-25,1.08948,1.09142,1.08695,1.0894,train_core
2020-05-26,1.0894,1.09966,1.08904,1.09824,train_core
2020-05-27,1.09823,1.10311,1.09339,1.10069,train_core
2020-05-28,1.10096,1.10943,1.09917,1.10772,train_core
2020-05-29,1.10769,1.11459,1.10685,1.11031,train_core
2020-06-01,1.11156,1.11546,1.11011,1.11359,train_core
2020-06-02,1.11362,1.11965,1.11156,1.11686,train_core
2020-06-03,1.11698,1.12582,1.11673,1.12338,train_core
2020-06-04,1.12332,1.13627,1.11952,1.1337,train_core
2020-06-05,1.13375,1.13844,1.12784,1.12908,train_core
2020-06-08,1.12933,1.13203,1.12687,1.12921,train_core
2020-06-09,1.12924,1.13646,1.12411,1.134,train_core
2020-06-10,1.1337,1.14226,1.13225,1.13733,train_core
2020-06-11,1.13732,1.14039,1.12886,1.12983,train_core
2020-06-12,1.12938,1.13409,1.12126,1.1255,train_core
2020-06-15,1.12335,1.13328,1.12266,1.13235,train_core
2020-06-16,1.13252,1.13539,1.1228,1.12631,train_core
2020-06-17,1.12634,1.12943,1.12068,1.12437,train_core
2020-06-18,1.12409,1.12619,1.11856,1.12055,train_core
2020-06-19,1.12012,1.12545,1.11681,1.11766,train_core
2020-06-22,1.11826,1.12704,1.11683,1.12606,train_core
2020-06-23,1.1257,1.13494,1.12337,1.13082,train_core
2020-06-24,1.13081,1.13266,1.12482,1.12502,train_core
2020-06-25,1.12503,1.12598,1.11894,1.12165,train_core
2020-06-26,1.12145,1.12395,1.11946,1.12158,train_core
2020-06-29,1.12203,1.12885,1.12155,1.12411,train_core
2020-06-30,1.12417,1.12622,1.11905,1.1234,train_core
2020-07-01,1.12331,1.12757,1.11847,1.12506,train_core
2020-07-02,1.12491,1.13033,1.12235,1.12392,train_core
2020-07-03,1.12365,1.12514,1.12193,1.12437,train_core
2020-07-06,1.12437,1.13457,1.12408,1.13094,train_core
2020-07-07,1.13066,1.13329,1.1259,1.12731,train_core
2020-07-08,1.1274,1.13525,1.12626,1.13303,train_core
2020-07-09,1.13273,1.13715,1.12804,1.12848,train_core
2020-07-10,1.12833,1.13254,1.12538,1.12994,train_core
2020-07-13,1.1305,1.13758,1.13013,1.13436,train_core
2020-07-14,1.13441,1.14097,1.13256,1.14004,train_core
2020-07-15,1.1397,1.1453,1.13921,1.14126,train_core
2020-07-16,1.14077,1.14426,1.13711,1.1384,train_core
2020-07-17,1.13835,1.14446,1.13754,1.14283,train_core
2020-07-20,1.14124,1.14686,1.14029,1.14483,train_core
2020-07-21,1.14457,1.15409,1.14237,1.15276,train_core
2020-07-22,1.15283,1.16019,1.15073,1.157,train_core
2020-07-23,1.15765,1.16274,1.15408,1.15967,train_core
2020-07-24,1.15949,1.16587,1.15817,1.1656,train_core
2020-07-27,1.16449,1.17823,1.16419,1.17526,train_core
2020-07-28,1.17524,1.17749,1.16989,1.17166,train_core
2020-07-29,1.17141,1.18067,1.17138,1.17911,train_core
2020-07-30,1.17887,1.1849,1.1731,1.18475,train_core
2020-07-31,1.18471,1.19096,1.17618,1.17766,train_core
2020-08-03,1.17709,1.17968,1.16955,1.17619,train_core
2020-08-04,1.17624,1.18055,1.17212,1.18027,train_core
2020-08-05,1.17955,1.19048,1.17928,1.18629,train_core
2020-08-06,1.18589,1.19158,1.18178,1.18768,train_core
2020-08-07,1.18762,1.18831,1.17551,1.17857,train_core
2020-08-10,1.1788,1.18006,1.17358,1.17371,train_core
2020-08-11,1.17359,1.18073,1.1722,1.17395,train_core
2020-08-12,1.17461,1.18166,1.17111,1.17831,train_core
2020-08-13,1.17813,1.1864,1.17775,1.18126,train_core
2020-08-14,1.18125,1.18504,1.17815,1.18414,train_core
2020-08-17,1.1839,1.18813,1.18238,1.18702,train_core
2020-08-18,1.18684,1.19665,1.18644,1.19315,train_core
2020-08-19,1.19288,1.19537,1.18302,1.18357,train_core
2020-08-20,1.18344,1.18681,1.18018,1.18602,train_core
2020-08-21,1.18595,1.18834,1.17531,1.17954,train_core
2020-08-24,1.17921,1.18502,1.17841,1.17873,train_core
2020-08-25,1.17862,1.18441,1.1784,1.18344,train_core
2020-08-26,1.18343,1.18396,1.17716,1.18297,train_core
2020-08-27,1.18284,1.1902,1.17619,1.18217,train_core
2020-08-28,1.18195,1.19207,1.18113,1.19049,train_core
2020-08-31,1.19001,1.19668,1.18846,1.19368,train_core
2020-09-01,1.19329,1.2012,1.19011,1.19116,train_core
2020-09-02,1.19093,1.19288,1.18209,1.18533,train_core
2020-09-03,1.18504,1.18644,1.17872,1.18515,train_core
2020-09-04,1.18467,1.18647,1.178,1.18378,train_core
2020-09-07,1.18454,1.18485,1.18097,1.18138,train_core
2020-09-08,1.1812,1.18267,1.17645,1.17748,train_core
2020-09-09,1.17728,1.18339,1.17516,1.18026,train_core
2020-09-10,1.17986,1.19182,1.17984,1.18142,train_core
2020-09-11,1.18131,1.18745,1.18093,1.18465,train_core
2020-09-14,1.18336,1.18885,1.1832,1.18633,train_core
2020-09-15,1.18623,1.19011,1.18386,1.18463,train_core
2020-09-16,1.18464,1.1883,1.17874,1.18148,train_core
2020-09-17,1.18139,1.18529,1.17365,1.18482,train_core
2020-09-18,1.18477,1.18711,1.18268,1.18394,train_core
2020-09-21,1.18413,1.18725,1.17301,1.17691,train_core
2020-09-22,1.17631,1.17724,1.16904,1.17061,train_core
2020-09-23,1.17052,1.17178,1.16498,1.16577,train_core
2020-09-24,1.16583,1.1686,1.16249,1.16666,train_core
2020-09-25,1.16717,1.1684,1.16108,1.16297,train_core
2020-09-28,1.16224,1.16807,1.1614,1.16664,train_core
2020-09-29,1.16606,1.17469,1.16606,1.17443,train_core
2020-09-30,1.17443,1.17567,1.16843,1.17192,train_core
2020-10-01,1.17189,1.17701,1.17174,1.17417,train_core
2020-10-02,1.17429,1.17479,1.1695,1.17158,train_core
2020-10-05,1.17104,1.17987,1.17051,1.17837,train_core
2020-10-06,1.17819,1.18089,1.17316,1.17321,train_core
2020-10-07,1.17328,1.17825,1.17243,1.17585,train_core
2020-10-08,1.17591,1.17824,1.17326,1.17595,train_core
2020-10-09,1.1757,1.18323,1.17528,1.18307,train_core
2020-10-12,1.18099,1.1828,1.17876,1.18118,train_core
2020-10-13,1.1812,1.18166,1.17293,1.17411,train_core
2020-10-14,1.17418,1.17704,1.17177,1.17436,train_core
2020-10-15,1.17431,1.17568,1.16867,1.17041,train_core
2020-10-16,1.1706,1.17457,1.16922,1.17091,train_core
2020-10-19,1.17159,1.17951,1.17022,1.17694,train_core
2020-10-20,1.17671,1.18423,1.17607,1.18221,train_core
2020-10-21,1.18224,1.18826,1.18215,1.18552,train_core
2020-10-22,1.1859,1.18687,1.1812,1.18165,train_core
2020-10-23,1.18168,1.18655,1.17861,1.18548,train_core
2020-10-26,1.18576,1.18603,1.18037,1.18094,train_core
2020-10-27,1.18091,1.18398,1.17812,1.17873,train_core
2020-10-28,1.17874,1.17878,1.17147,1.17441,train_core
2020-10-29,1.17437,1.17579,1.16485,1.16724,train_core
2020-10-30,1.16723,1.17028,1.16384,1.16412,train_core
2020-11-02,1.16452,1.16542,1.16202,1.16389,train_core
2020-11-03,1.16386,1.17398,1.16295,1.17126,train_core
2020-11-04,1.17125,1.17706,1.16021,1.17213,train_core
2020-11-05,1.17184,1.18601,1.17105,1.18236,train_core
2020-11-06,1.1823,1.18914,1.17956,1.18742,train_core
2020-11-09,1.18897,1.19206,1.17951,1.18129,train_core
2020-11-10,1.18122,1.18434,1.17797,1.18143,train_core
2020-11-11,1.18139,1.1833,1.17441,1.17759,train_core
2020-11-12,1.17752,1.18231,1.17573,1.18035,train_core
2020-11-13,1.18027,1.18384,1.17992,1.183,train_core
2020-11-16,1.18397,1.187,1.18145,1.18488,train_core
2020-11-17,1.18498,1.18949,1.18434,1.18613,train_core
2020-11-18,1.1861,1.18921,1.18494,1.18499,train_core
2020-11-19,1.18527,1.18836,1.18155,1.18726,train_core
2020-11-20,1.18717,1.18919,1.18501,1.18527,train_core
2020-11-23,1.18505,1.1907,1.17993,1.18384,train_core
2020-11-24,1.18394,1.18968,1.18341,1.18882,train_core
2020-11-25,1.18884,1.19312,1.18826,1.19113,train_core
2020-11-26,1.19121,1.1942,1.18857,1.19117,train_core
2020-11-27,1.19128,1.19659,1.19079,1.19638,train_core
2020-11-30,1.19618,1.20052,1.19237,1.19237,train_core
2020-12-01,1.19273,1.20841,1.19237,1.20676,train_core
2020-12-02,1.20684,1.21266,1.2042,1.21125,train_core
2020-12-03,1.21142,1.21826,1.21064,1.21482,train_core
2020-12-04,1.21406,1.21804,1.21118,1.21181,train_core
2020-12-07,1.2118,1.21681,1.20805,1.21074,train_core
2020-12-08,1.21082,1.21358,1.20973,1.21048,train_core
2020-12-09,1.21048,1.21493,1.20602,1.20793,train_core
2020-12-10,1.20832,1.21608,1.20759,1.21342,train_core
2020-12-11,1.21401,1.21648,1.21075,1.21122,train_core
2020-12-14,1.21361,1.21786,1.21175,1.21424,train_core
2020-12-15,1.21423,1.21707,1.21235,1.21482,train_core
2020-12-16,1.21541,1.2214,1.21268,1.21971,train_core
2020-12-17,1.21984,1.22747,1.21918,1.22665,train_core
2020-12-18,1.22673,1.22723,1.22274,1.22473,train_core
2020-12-21,1.22252,1.22541,1.21294,1.22379,train_core
2020-12-22,1.22362,1.22579,1.21514,1.21581,train_core
2020-12-23,1.21592,1.22217,1.21541,1.21813,train_core
2020-12-24,1.21838,1.22164,1.21762,1.21786,train_core
2020-12-28,1.218,1.22514,1.21784,1.2213,train_core
2020-12-29,1.22101,1.22775,1.22052,1.22462,train_core
2020-12-30,1.22465,1.23114,1.22461,1.22993,train_core
2020-12-31,1.22993,1.23104,1.22105,1.22165,train_core
2021-01-04,1.22258,1.23109,1.22258,1.2251,train_core
2021-01-05,1.2251,1.23069,1.22449,1.22914,train_core
2021-01-06,1.22966,1.23516,1.22669,1.23223,train_core
2021-01-07,1.23277,1.23457,1.22424,1.22669,train_core
2021-01-08,1.2266,1.2284,1.21921,1.22178,train_core
2021-01-11,1.22135,1.2222,1.21308,1.21476,train_core
2021-01-12,1.21482,1.22103,1.21358,1.22046,train_core
2021-01-13,1.2206,1.22239,1.21386,1.21536,train_core
2021-01-14,1.2154,1.21785,1.21097,1.21539,train_core
2021-01-15,1.21527,1.21628,1.20735,1.20735,train_core
2021-01-18,1.20758,1.2085,1.20514,1.2075,train_core
2021-01-19,1.2075,1.21465,1.2072,1.21274,train_core
2021-01-20,1.21261,1.21601,1.20758,1.21043,train_core
2021-01-21,1.21012,1.2174,1.21012,1.21628,train_core
2021-01-22,1.21628,1.21908,1.21528,1.2171,train_core
2021-01-25,1.2163,1.21844,1.2115,1.2138,train_core
2021-01-26,1.2138,1.21767,1.21065,1.21594,train_core
2021-01-27,1.21601,1.21706,1.20568,1.21114,train_core
2021-01-28,1.21064,1.2143,1.20796,1.21181,train_core
2021-01-29,1.21177,1.2157,1.20935,1.2135,train_core
2021-02-01,1.21282,1.21372,1.20541,1.20558,train_core
2021-02-02,1.20591,1.20863,1.20094,1.20389,train_core
2021-02-03,1.20396,1.2048,1.2002,1.20314,train_core
2021-02-04,1.2031,1.20406,1.19551,1.1958,train_core
2021-02-05,1.196,1.20513,1.19503,1.20493,train_core
2021-02-08,1.20398,1.20674,1.20208,1.20472,train_core
2021-02-09,1.20475,1.21238,1.20475,1.2121,train_core
2021-02-10,1.21189,1.21458,1.21108,1.21172,train_core
2021-02-11,1.21191,1.21512,1.21154,1.21287,train_core
2021-02-12,1.21291,1.2137,1.20833,1.21207,train_core
2021-02-15,1.21175,1.21468,1.21175,1.2127,train_core
2021-02-16,1.21307,1.2171,1.2096,1.21043,train_core
2021-02-17,1.21036,1.21084,1.20213,1.20312,train_core
2021-02-18,1.20349,1.20954,1.2034,1.20866,train_core
2021-02-19,1.20927,1.21462,1.20833,1.21135,train_core
2021-02-22,1.21196,1.21712,1.20921,1.21527,train_core
2021-02-23,1.21562,1.21818,1.21371,1.21483,train_core
2021-02-24,1.21464,1.21765,1.21092,1.2162,train_core
2021-02-25,1.21619,1.22446,1.21569,1.21752,train_core
2021-02-26,1.21773,1.21829,1.20605,1.20683,train_core
2021-03-01,1.20676,1.20997,1.20256,1.20438,train_core
2021-03-02,1.20454,1.20956,1.19895,1.20889,train_core
2021-03-03,1.20904,1.21141,1.20417,1.20605,train_core
2021-03-04,1.20623,1.20654,1.19587,1.19589,train_core
2021-03-05,1.19641,1.19749,1.18906,1.19102,train_core
2021-03-08,1.19151,1.193,1.18404,1.18429,train_core
2021-03-09,1.18432,1.19135,1.18334,1.18962,train_core
2021-03-10,1.18961,1.19284,1.18669,1.19245,train_core
2021-03-11,1.19253,1.19912,1.19139,1.1983,train_core
2021-03-12,1.19828,1.199,1.19086,1.19495,train_core
2021-03-15,1.19486,1.19673,1.19101,1.1926,train_core
2021-03-16,1.1926,1.19523,1.18811,1.19005,train_core
2021-03-17,1.19001,1.19862,1.18855,1.19806,train_core
2021-03-18,1.19806,1.19897,1.19051,1.19126,train_core
2021-03-19,1.19126,1.19366,1.18728,1.18964,train_core
2021-03-22,1.1877,1.19477,1.18737,1.19338,train_core
2021-03-23,1.19339,1.19414,1.184,1.18486,train_core
2021-03-24,1.18457,1.18497,1.18075,1.18101,train_core
2021-03-25,1.18107,1.18255,1.17589,1.1766,train_core
2021-03-26,1.1766,1.18029,1.1766,1.17898,train_core
2021-03-29,1.17895,1.17918,1.17587,1.17613,train_core
2021-03-30,1.17603,1.17716,1.17107,1.17113,train_core
2021-03-31,1.17133,1.1758,1.1702,1.17249,train_core
2021-04-01,1.17264,1.17781,1.17104,1.17716,train_core
2021-04-02,1.17729,1.17851,1.17475,1.17532,train_core
2021-04-05,1.17532,1.18191,1.17361,1.18114,train_core
2021-04-06,1.18092,1.1879,1.17942,1.18744,train_core
2021-04-07,1.18744,1.19181,1.18617,1.1866,train_core
2021-04-08,1.1866,1.19285,1.18616,1.19108,train_core
2021-04-09,1.19149,1.19214,1.18678,1.18991,train_core
2021-04-12,1.18947,1.19202,1.1872,1.19082,train_core
2021-04-13,1.19094,1.19572,1.18787,1.19475,train_core
2021-04-14,1.19474,1.1989,1.19474,1.19776,train_core
2021-04-15,1.19787,1.19952,1.19577,1.19652,train_core
2021-04-16,1.19675,1.19961,1.19519,1.19818,train_core
2021-04-19,1.19752,1.20498,1.19436,1.20352,train_core
2021-04-20,1.20363,1.20815,1.20236,1.20333,train_core
2021-04-21,1.20333,1.20448,1.19994,1.20327,train_core
2021-04-22,1.20312,1.20708,1.19944,1.20126,train_core
2021-04-23,1.2021,1.21015,1.20137,1.20934,train_core
2021-04-26,1.20939,1.21187,1.2062,1.20827,train_core
2021-04-27,1.20798,1.2094,1.20577,1.20877,train_core
2021-04-28,1.209,1.21358,1.20572,1.21231,train_core
2021-04-29,1.21234,1.21512,1.21033,1.21188,train_core
2021-04-30,1.21172,1.21275,1.20128,1.20128,train_core
2021-05-03,1.20247,1.20769,1.20115,1.20611,train_core
2021-05-04,1.20624,1.20649,1.19984,1.20111,train_core
2021-05-05,1.20116,1.2027,1.1986,1.19986,train_core
2021-05-06,1.20034,1.20729,1.19933,1.20619,train_core
2021-05-07,1.20598,1.21731,1.2054,1.21629,train_core
2021-05-10,1.21624,1.21798,1.21285,1.21285,train_core
2021-05-11,1.21284,1.2183,1.21245,1.21466,train_core
2021-05-12,1.21466,1.2153,1.20638,1.20665,train_core
2021-05-13,1.20682,1.21068,1.20518,1.2076,train_core
2021-05-14,1.20765,1.21487,1.20716,1.21412,train_core
2021-05-17,1.21422,1.21701,1.21271,1.2152,train_core
2021-05-18,1.21518,1.22361,1.21514,1.22219,train_core
2021-05-19,1.22222,1.22473,1.21606,1.21737,train_core
2021-05-20,1.21737,1.22302,1.21696,1.22262,train_core
2021-05-21,1.22256,1.2241,1.21614,1.21779,train_core
2021-05-24,1.21784,1.22309,1.21718,1.22108,train_core
2021-05-25,1.22108,1.22678,1.22108,1.22471,train_core
2021-05-26,1.22482,1.22641,1.21822,1.21879,train_core
2021-05-27,1.21878,1.22155,1.21749,1.2192,train_core
2021-05-28,1.21926,1.22058,1.21318,1.21898,train_core
2021-05-31,1.21995,1.22325,1.21842,1.22251,train_core
2021-06-01,1.22253,1.22554,1.22125,1.22125,train_core
2021-06-02,1.22147,1.22274,1.21627,1.22077,train_core
2021-06-03,1.22099,1.22149,1.21171,1.21224,train_core
2021-06-04,1.2124,1.21865,1.21023,1.21647,train_core
2021-06-07,1.21625,1.22027,1.21456,1.21886,train_core
2021-06-08,1.2191,1.21951,1.21649,1.21692,train_core
2021-06-09,1.21712,1.2219,1.21712,1.21751,train_core
2021-06-10,1.2177,1.21953,1.21437,1.21731,train_core
2021-06-11,1.21732,1.21938,1.2091,1.21054,train_core
2021-06-14,1.21001,1.21285,1.20923,1.21171,train_core
2021-06-15,1.21169,1.21455,1.20994,1.21228,train_core
2021-06-16,1.21228,1.21328,1.19907,1.19907,train_core
2021-06-17,1.19916,1.20045,1.18897,1.19008,train_core
2021-06-18,1.19034,1.19212,1.18436,1.18584,train_core
2021-06-21,1.18541,1.19197,1.18459,1.19099,train_core
2021-06-22,1.19134,1.19508,1.18791,1.19315,train_core
2021-06-23,1.19342,1.19683,1.19096,1.192,train_core
2021-06-24,1.19231,1.19545,1.19159,1.19263,train_core
2021-06-25,1.19286,1.19733,1.19244,1.19327,train_core
2021-06-28,1.19343,1.19428,1.19004,1.19185,train_core
2021-06-29,1.19192,1.19282,1.18758,1.18906,train_core
2021-06-30,1.18927,1.19072,1.18433,1.18511,train_core
2021-07-01,1.18531,1.18824,1.18355,1.18444,train_core
2021-07-02,1.18462,1.18735,1.18056,1.18599,train_core
2021-07-05,1.18613,1.18799,1.18502,1.18587,train_core
2021-07-06,1.18589,1.18945,1.18055,1.18187,train_core
2021-07-07,1.18202,1.18352,1.17803,1.17858,train_core
2021-07-08,1.17958,1.18683,1.17822,1.18366,train_core
2021-07-09,1.18388,1.18812,1.18241,1.1871,train_core
2021-07-12,1.18727,1.18803,1.18352,1.18535,train_core
2021-07-13,1.18588,1.18746,1.17706,1.17726,train_core
2021-07-14,1.17726,1.18388,1.17705,1.18348,train_core
2021-07-15,1.18345,1.18507,1.17952,1.18087,train_core
2021-07-16,1.18051,1.18214,1.17912,1.1803,train_core
2021-07-19,1.18056,1.18237,1.17627,1.17964,train_core
2021-07-20,1.17975,1.18019,1.17541,1.17772,train_core
2021-07-21,1.17772,1.18044,1.17508,1.17925,train_core
2021-07-22,1.17925,1.18297,1.17562,1.17661,train_core
2021-07-23,1.17608,1.17856,1.17533,1.17687,train_core
2021-07-26,1.17688,1.18166,1.17623,1.1797,train_core
2021-07-27,1.18003,1.18411,1.17689,1.18121,train_core
2021-07-28,1.18143,1.18489,1.17711,1.18406,train_core
2021-07-29,1.18422,1.18938,1.18378,1.1883,train_core
2021-07-30,1.18849,1.19097,1.18507,1.18657,train_core
2021-08-02,1.18655,1.18971,1.18584,1.18645,train_core
2021-08-03,1.18665,1.18928,1.18532,1.18592,train_core
2021-08-04,1.18592,1.19003,1.18315,1.18315,train_core
2021-08-05,1.18343,1.18565,1.18271,1.18279,train_core
2021-08-06,1.18292,1.18344,1.17522,1.17572,train_core
2021-08-09,1.17601,1.1767,1.17329,1.17331,train_core
2021-08-10,1.17307,1.17406,1.17077,1.17126,train_core
2021-08-11,1.17143,1.17523,1.17038,1.17336,train_core
2021-08-12,1.17336,1.17466,1.17219,1.17274,train_core
2021-08-13,1.17274,1.18056,1.17274,1.17917,train_core
2021-08-16,1.17948,1.18018,1.17666,1.17726,train_core
2021-08-17,1.17762,1.17839,1.17042,1.17042,train_core
2021-08-18,1.17058,1.1741,1.16921,1.17046,train_core
2021-08-19,1.17065,1.17139,1.16638,1.16713,train_core
2021-08-20,1.16729,1.17028,1.16622,1.16953,train_core
2021-08-23,1.1695,1.17508,1.16867,1.17412,train_core
2021-08-24,1.17433,1.17658,1.17268,1.17562,train_core
2021-08-25,1.17544,1.17755,1.17262,1.17684,train_core
2021-08-26,1.17698,1.17799,1.17468,1.17481,train_core
2021-08-27,1.17503,1.18026,1.17344,1.17933,train_core
2021-08-30,1.17956,1.18105,1.17829,1.17929,train_core
2021-08-31,1.1795,1.18467,1.17942,1.1805,train_core
2021-09-01,1.18063,1.18583,1.17937,1.18358,train_core
2021-09-02,1.18377,1.18775,1.18354,1.18761,train_core
2021-09-03,1.18747,1.19104,1.1867,1.18787,train_core
2021-09-06,1.18773,1.18877,1.18567,1.18663,train_core
2021-09-07,1.18685,1.18864,1.18367,1.18367,train_core
2021-09-08,1.18369,1.18516,1.1801,1.18138,train_core
2021-09-09,1.18138,1.18412,1.18043,1.18209,train_core
2021-09-10,1.18222,1.18517,1.18072,1.18072,train_core
2021-09-13,1.18113,1.18165,1.17679,1.18093,train_core
2021-09-14,1.18093,1.18461,1.17993,1.18033,train_core
2021-09-15,1.18014,1.1832,1.17981,1.18119,train_core
2021-09-16,1.18136,1.18202,1.17483,1.17633,train_core
2021-09-17,1.17633,1.17882,1.17226,1.17226,train_core
2021-09-20,1.17231,1.1735,1.16977,1.17213,train_core
2021-09-21,1.17216,1.17477,1.17137,1.17209,train_core
2021-09-22,1.17209,1.17545,1.16833,1.16844,train_core
2021-09-23,1.16846,1.17499,1.16821,1.17356,train_core
2021-09-24,1.17358,1.17473,1.16992,1.17161,train_core
2021-09-27,1.17229,1.17242,1.16836,1.16927,train_core
2021-09-28,1.16931,1.17023,1.16654,1.16792,train_core
2021-09-29,1.16803,1.16891,1.15883,1.15915,train_core
2021-09-30,1.15946,1.16088,1.15616,1.15742,train_core
2021-10-01,1.15737,1.16064,1.15621,1.15901,train_core
2021-10-04,1.15937,1.16392,1.15868,1.16157,train_core
2021-10-05,1.16157,1.16212,1.15795,1.15925,train_core
2021-10-06,1.15935,1.15996,1.15282,1.15517,train_core
2021-10-07,1.15532,1.15711,1.15465,1.1547,train_core
2021-10-08,1.15509,1.15852,1.15403,1.15711,train_core
2021-10-11,1.15672,1.15859,1.15449,1.15449,train_core
2021-10-12,1.15497,1.15694,1.15223,1.15282,train_core
2021-10-13,1.15282,1.15965,1.15282,1.15906,train_core
2021-10-14,1.15906,1.16233,1.15831,1.15947,train_core
2021-10-15,1.15947,1.16178,1.15872,1.15968,train_core
2021-10-18,1.15967,1.16215,1.15708,1.16082,train_core
2021-10-19,1.16073,1.16685,1.16073,1.16277,train_core
2021-10-20,1.16293,1.16576,1.16158,1.16467,train_core
2021-10-21,1.16472,1.16664,1.16186,1.16192,train_core
2021-10-22,1.16201,1.16548,1.16201,1.16418,train_core
2021-10-25,1.16418,1.16641,1.15896,1.16037,train_core
2021-10-26,1.16071,1.16249,1.15839,1.15943,train_core
2021-10-27,1.15943,1.16251,1.15841,1.15962,train_core
2021-10-28,1.15995,1.1691,1.15812,1.16759,train_core
2021-10-29,1.16781,1.16891,1.15342,1.15582,train_core
2021-11-01,1.15599,1.16082,1.15451,1.16028,train_core
2021-11-02,1.16028,1.16125,1.15741,1.15783,train_core
2021-11-03,1.15783,1.16153,1.15613,1.16113,train_core
2021-11-04,1.16112,1.16154,1.15273,1.15524,train_core
2021-11-05,1.15525,1.15724,1.15123,1.15628,train_core
2021-11-08,1.15595,1.15941,1.15495,1.1581,train_core
2021-11-09,1.15832,1.1608,1.15689,1.15882,train_core
2021-11-10,1.15898,1.15943,1.14737,1.14737,train_core
2021-11-11,1.14748,1.14867,1.14421,1.14454,train_core
2021-11-12,1.14472,1.14613,1.1432,1.14398,train_core
2021-11-15,1.1443,1.14631,1.13553,1.13643,train_core
2021-11-16,1.13664,1.13848,1.13071,1.1315,train_core
2021-11-17,1.13194,1.13312,1.12626,1.13137,train_core
2021-11-18,1.13172,1.13731,1.13128,1.13702,train_core
2021-11-19,1.13702,1.13716,1.12489,1.12795,train_core
2021-11-22,1.12857,1.12895,1.12296,1.12322,train_core
2021-11-23,1.12325,1.12741,1.12251,1.12447,train_core
2021-11-24,1.12447,1.12542,1.11838,1.11967,train_core
2021-11-25,1.11967,1.12287,1.11967,1.12062,train_core
2021-11-26,1.12076,1.13319,1.1204,1.13205,train_core
2021-11-29,1.13036,1.13131,1.12575,1.12858,train_core
2021-11-30,1.12858,1.13819,1.12337,1.13337,train_core
2021-12-01,1.13353,1.13588,1.13015,1.13149,train_core
2021-12-02,1.13173,1.13467,1.12943,1.12959,train_core
2021-12-03,1.12973,1.13325,1.12656,1.1309,train_core
2021-12-06,1.13047,1.13094,1.12654,1.12799,train_core
2021-12-07,1.12796,1.12974,1.12266,1.12667,train_core
2021-12-08,1.12667,1.13538,1.12642,1.13407,train_core
2021-12-09,1.13413,1.13443,1.12775,1.12878,train_core
2021-12-10,1.1289,1.13231,1.12642,1.13122,train_core
2021-12-13,1.13079,1.13183,1.12592,1.12782,train_core
2021-12-14,1.12796,1.13231,1.12527,1.12536,train_core
2021-12-15,1.12556,1.12983,1.12206,1.12887,train_core
2021-12-16,1.12887,1.13595,1.12804,1.13257,train_core
2021-12-17,1.13257,1.13479,1.12337,1.12348,train_core
2021-12-20,1.12348,1.13029,1.12335,1.12719,train_core
2021-12-21,1.12759,1.13018,1.12598,1.12738,train_core
2021-12-22,1.12692,1.13413,1.12633,1.13241,train_core
2021-12-23,1.13235,1.13411,1.12893,1.13228,train_core
2021-12-24,1.13215,1.13427,1.13026,1.13159,train_core
2021-12-27,1.13092,1.13336,1.13019,1.13267,train_core
2021-12-28,1.13269,1.13324,1.12886,1.13091,train_core
2021-12-29,1.13086,1.13679,1.12727,1.13504,train_core
2021-12-30,1.13505,1.13591,1.12978,1.13199,train_core
2021-12-31,1.13199,1.13852,1.13021,1.1367,train_core
2022-01-03,1.13705,1.13772,1.12787,1.12957,train_core
2022-01-04,1.12969,1.13214,1.12712,1.12849,train_core
2022-01-05,1.12845,1.13454,1.1276,1.13118,train_core
2022-01-06,1.13114,1.13307,1.12837,1.12912,train_core
2022-01-07,1.12914,1.13638,1.12891,1.13601,train_core
2022-01-10,1.1352,1.13599,1.12836,1.13232,train_core
2022-01-11,1.13227,1.13748,1.13119,1.1365,train_core
2022-01-12,1.13654,1.14535,1.1354,1.14429,train_core
2022-01-13,1.14425,1.14829,1.1437,1.14556,train_core
2022-01-14,1.14556,1.14839,1.13975,1.1408,train_core
2022-01-17,1.14132,1.14343,1.13911,1.14085,train_core
2022-01-18,1.14088,1.14209,1.1313,1.13211,train_core
2022-01-19,1.1319,1.1356,1.13169,1.13412,train_core
2022-01-20,1.134,1.13682,1.13017,1.13097,train_core
2022-01-21,1.131,1.1359,1.12996,1.13404,train_core
2022-01-24,1.13425,1.13441,1.12891,1.13239,train_core
2022-01-25,1.13247,1.1328,1.12614,1.12994,train_core
2022-01-26,1.12994,1.13094,1.12339,1.12376,train_core
2022-01-27,1.1238,1.12419,1.11291,1.11448,train_core
2022-01-28,1.11446,1.11716,1.11194,1.11472,train_core
2022-01-31,1.1141,1.1247,1.11361,1.12339,train_core
2022-02-01,1.12335,1.12782,1.12198,1.12696,train_core
2022-02-02,1.12682,1.13312,1.1266,1.13037,train_core
2022-02-03,1.13062,1.14535,1.12672,1.14407,train_core
2022-02-04,1.14402,1.1485,1.14125,1.14492,train_core
2022-02-07,1.14662,1.14662,1.14162,1.1443,train_core
2022-02-08,1.1443,1.14498,1.13968,1.1416,train_core
2022-02-09,1.14161,1.14488,1.14033,1.14255,train_core
2022-02-10,1.14255,1.14958,1.13757,1.14289,train_core
2022-02-11,1.14289,1.14309,1.13308,1.13488,train_core
2022-02-14,1.13375,1.13687,1.1279,1.13057,train_core
2022-02-15,1.13057,1.13681,1.1296,1.13587,train_core
2022-02-16,1.13587,1.13962,1.13447,1.13726,train_core
2022-02-17,1.13729,1.13864,1.13228,1.13593,train_core
2022-02-18,1.13593,1.1377,1.13139,1.13211,train_core
2022-02-21,1.13183,1.13909,1.1306,1.13129,train_core
2022-02-22,1.1313,1.13666,1.1287,1.13242,train_core
2022-02-23,1.1332,1.13587,1.13002,1.13064,train_core
2022-02-24,1.13093,1.13093,1.11049,1.11887,train_core
2022-02-25,1.11888,1.12736,1.11649,1.12667,train_core
2022-02-28,1.11252,1.1246,1.11247,1.12178,train_core
2022-03-01,1.12184,1.12326,1.10884,1.11243,train_core
2022-03-02,1.11243,1.11423,1.10563,1.11171,train_core
2022-03-03,1.11159,1.11211,1.10324,1.10652,train_core
2022-03-04,1.10653,1.10666,1.08838,1.09232,train_core
2022-03-07,1.09214,1.09312,1.08045,1.08527,train_core
2022-03-08,1.08529,1.09575,1.0847,1.09021,train_core
2022-03-09,1.09021,1.10955,1.0889,1.10758,train_core
2022-03-10,1.10756,1.1121,1.09755,1.09823,train_core
2022-03-11,1.09814,1.10428,1.09012,1.09086,train_core
2022-03-14,1.09164,1.09935,1.08999,1.09415,train_core
2022-03-15,1.09411,1.10192,1.09254,1.09499,train_core
2022-03-16,1.09498,1.10465,1.09481,1.1031,train_core
2022-03-17,1.10307,1.11384,1.10074,1.10903,train_core
2022-03-18,1.1091,1.11187,1.10018,1.10495,train_core
2022-03-21,1.10499,1.10697,1.10095,1.10178,train_core
2022-03-22,1.10178,1.10449,1.09602,1.10292,train_core
2022-03-23,1.10293,1.10429,1.09629,1.10054,train_core
2022-03-24,1.10063,1.10133,1.09653,1.0996,train_core
2022-03-25,1.09967,1.10384,1.09798,1.09816,train_core
2022-03-28,1.09851,1.09991,1.09434,1.09792,train_core
2022-03-29,1.09792,1.1138,1.09688,1.10866,train_core
2022-03-30,1.10866,1.11717,1.10786,1.11577,train_core
2022-03-31,1.11577,1.11855,1.106,1.10658,train_core
2022-04-01,1.10658,1.10753,1.10268,1.10402,train_core
2022-04-04,1.10311,1.10533,1.09589,1.097,train_core
2022-04-05,1.09702,1.09873,1.08983,1.0903,train_core
2022-04-06,1.0903,1.09365,1.08722,1.08909,train_core
2022-04-07,1.08902,1.09373,1.08632,1.0876,train_core
2022-04-08,1.08755,1.08904,1.08348,1.08745,train_core
2022-04-11,1.0917,1.09323,1.08716,1.0882,train_core
2022-04-12,1.08819,1.09025,1.08199,1.08262,train_core
2022-04-13,1.08263,1.08933,1.08076,1.08808,train_core
2022-04-14,1.08796,1.09236,1.07562,1.08257,train_core
2022-04-15,1.08256,1.08281,1.07951,1.08047,train_core
2022-04-18,1.08019,1.08204,1.07686,1.07801,train_core
2022-04-19,1.07802,1.08132,1.07597,1.0785,train_core
2022-04-20,1.07851,1.08658,1.07826,1.08461,train_core
2022-04-21,1.08459,1.09352,1.08227,1.083,train_core
2022-04-22,1.08305,1.08506,1.07697,1.07941,train_core
2022-04-25,1.08038,1.08115,1.06951,1.07084,train_core
2022-04-26,1.07085,1.0737,1.06327,1.06337,train_core
2022-04-27,1.06336,1.0653,1.05124,1.05562,train_core
2022-04-28,1.0556,1.05635,1.047,1.04968,train_core
2022-04-29,1.04969,1.0592,1.049,1.05419,train_core
2022-05-02,1.0542,1.05672,1.04891,1.05053,train_core
2022-05-03,1.05051,1.05766,1.0491,1.05178,train_core
2022-05-04,1.05175,1.06298,1.05051,1.06182,train_core
2022-05-05,1.06184,1.06406,1.04912,1.05377,train_core
2022-05-06,1.05377,1.05979,1.04815,1.05433,train_core
2022-05-09,1.05385,1.05916,1.04937,1.05581,train_core
2022-05-10,1.05577,1.05846,1.05244,1.05274,train_core
2022-05-11,1.05269,1.05761,1.05005,1.05114,train_core
2022-05-12,1.05118,1.05282,1.03527,1.0379,train_core
2022-05-13,1.0378,1.04188,1.03487,1.04058,train_core
2022-05-16,1.04044,1.04423,1.03867,1.04322,train_core
2022-05-17,1.04321,1.05562,1.0428,1.05527,train_core
2022-05-18,1.05509,1.0564,1.04599,1.04602,train_core
2022-05-19,1.04602,1.06074,1.04591,1.05835,train_core
2022-05-20,1.05829,1.05984,1.05321,1.05546,train_core
2022-05-23,1.05594,1.0699,1.05423,1.06921,train_core
2022-05-24,1.0691,1.07503,1.06627,1.0736,train_core
2022-05-25,1.07356,1.07406,1.06414,1.06795,train_core
2022-05-26,1.06795,1.07327,1.06634,1.07305,train_core
2022-05-27,1.0728,1.07662,1.06977,1.07325,train_core
2022-05-30,1.07344,1.07876,1.07247,1.07791,train_core
2022-05-31,1.07781,1.07787,1.06785,1.07314,train_core
2022-06-01,1.07316,1.07395,1.06266,1.06497,train_core
2022-06-02,1.06483,1.07513,1.06424,1.07489,train_core
2022-06-03,1.07476,1.07658,1.07048,1.07182,train_core
2022-06-06,1.07191,1.07522,1.06838,1.06941,train_core
2022-06-07,1.06946,1.07145,1.06516,1.07047,train_core
2022-06-08,1.07051,1.07488,1.06711,1.07153,train_core
2022-06-09,1.07152,1.07743,1.06101,1.06169,train_core
2022-06-10,1.06163,1.06418,1.05044,1.05161,train_core
2022-06-13,1.0513,1.05185,1.03985,1.04061,train_core
2022-06-14,1.04057,1.0484,1.03955,1.04147,train_core
2022-06-15,1.04135,1.05069,1.03579,1.04441,train_core
2022-06-16,1.04436,1.06022,1.03798,1.05503,train_core
2022-06-17,1.05497,1.05607,1.04436,1.04911,train_core
2022-06-20,1.04818,1.05453,1.04726,1.0509,train_core
2022-06-21,1.05082,1.05827,1.05046,1.05333,train_core
2022-06-22,1.05327,1.06066,1.04684,1.0567,train_core
2022-06-23,1.05668,1.05806,1.0482,1.05192,train_core
2022-06-24,1.05182,1.05706,1.05115,1.0554,train_core
2022-06-27,1.05486,1.06148,1.05458,1.05808,train_core
2022-06-28,1.05806,1.06061,1.05031,1.05199,train_core
2022-06-29,1.05195,1.05356,1.0435,1.04402,train_core
2022-06-30,1.04403,1.04888,1.03824,1.04818,train_core
2022-07-01,1.04815,1.04841,1.03657,1.04251,train_core
2022-07-04,1.04146,1.04627,1.04146,1.04217,train_core
2022-07-05,1.04205,1.04488,1.02351,1.0264,train_core
2022-07-06,1.02641,1.02765,1.01616,1.01839,train_core
2022-07-07,1.01829,1.0221,1.01441,1.01603,train_core
2022-07-08,1.01602,1.01914,1.00718,1.01838,train_core
2022-07-11,1.01747,1.01837,1.00336,1.00383,train_core
2022-07-12,1.00368,1.00737,0.99999,1.00361,train_core
2022-07-13,1.00359,1.01222,0.99979,1.00567,train_core
2022-07-14,1.00559,1.00581,0.99522,1.00194,train_core
2022-07-15,1.00185,1.0098,1.0007,1.00865,train_core
2022-07-18,1.00814,1.02012,1.00739,1.01432,train_core
2022-07-19,1.01424,1.02691,1.01194,1.02245,train_core
2022-07-20,1.02238,1.0273,1.01554,1.01797,train_core
2022-07-21,1.01785,1.02778,1.01528,1.02292,train_core
2022-07-22,1.02281,1.02552,1.01298,1.02138,train_core
2022-07-25,1.02109,1.02578,1.01784,1.02211,train_core
2022-07-26,1.02203,1.02502,1.01076,1.01158,train_core
2022-07-27,1.01153,1.02204,1.00965,1.0198,train_core
2022-07-28,1.01965,1.02343,1.01139,1.0195,train_core
2022-07-29,1.01941,1.02543,1.01459,1.02254,train_core
2022-08-01,1.02108,1.02753,1.02055,1.02592,train_core
2022-08-02,1.02591,1.02938,1.01633,1.01648,train_core
2022-08-03,1.01648,1.02105,1.01226,1.01681,train_core
2022-08-04,1.01674,1.02537,1.01542,1.02453,train_core
2022-08-05,1.0245,1.0252,1.01414,1.01799,train_core
2022-08-08,1.01734,1.02218,1.01592,1.01924,train_core
2022-08-09,1.01919,1.02475,1.01883,1.02114,train_core
2022-08-10,1.02115,1.03686,1.02018,1.02979,train_core
2022-08-11,1.02982,1.03644,1.02754,1.0323,train_core
2022-08-12,1.03213,1.03273,1.0238,1.02576,train_core
2022-08-15,1.02539,1.02683,1.01546,1.01582,train_core
2022-08-16,1.01581,1.01947,1.01224,1.017,train_core
2022-08-17,1.01687,1.02028,1.01455,1.01762,train_core
2022-08-18,1.01753,1.0193,1.00795,1.00861,train_core
2022-08-19,1.00845,1.00954,1.00319,1.00399,train_core
2022-08-22,1.00338,1.00465,0.9926,0.99407,train_core
2022-08-23,0.99402,1.00181,0.99,0.99659,train_core
2022-08-24,0.99667,0.99988,0.991,0.99668,train_core
2022-08-25,0.99655,1.00334,0.9949,0.99726,train_core
2022-08-26,0.99725,1.00896,0.99465,0.99613,train_core
2022-08-29,0.99623,1.00291,0.9914,0.99963,train_core
2022-08-30,0.99964,1.00547,0.99819,1.00151,train_core
2022-08-31,1.00145,1.0079,0.99712,1.0053,train_core
2022-09-01,1.00522,1.00543,0.99107,0.99457,train_core
2022-09-02,0.9945,1.00335,0.99425,0.99501,train_core
2022-09-05,0.99277,0.99439,0.98778,0.99289,train_core
2022-09-06,0.99276,0.99862,0.98639,0.99048,train_core
2022-09-07,0.99046,1.00108,0.98757,1.00059,train_core
2022-09-08,1.00063,1.00294,0.99305,0.99979,train_core
2022-09-09,0.99972,1.01134,0.99949,1.00453,train_core
2022-09-12,1.00939,1.01977,1.00598,1.0121,train_core
2022-09-13,1.01211,1.0187,0.99661,0.99664,train_core
2022-09-14,0.99666,1.00236,0.99545,0.99777,train_core
2022-09-15,0.99765,1.00177,0.99557,0.9996,train_core
2022-09-16,0.99952,1.00364,0.9945,1.00137,train_core
2022-09-19,1.00076,1.0029,0.99658,1.00235,train_core
2022-09-20,1.00227,1.00506,0.99551,0.99688,train_core
2022-09-21,0.99684,0.99752,0.9813,0.98369,train_core
2022-09-22,0.98367,0.99074,0.98079,0.98333,train_core
2022-09-23,0.98336,0.98518,0.96681,0.96873,train_core
2022-09-26,0.96709,0.97094,0.95494,0.96074,train_core
2022-09-27,0.96076,0.96708,0.95691,0.95925,train_core
2022-09-28,0.95907,0.97508,0.95357,0.97352,train_core
2022-09-29,0.97339,0.98134,0.96356,0.98129,train_core
2022-09-30,0.98133,0.98537,0.97344,0.9798,train_core
2022-10-03,0.98008,0.98447,0.97528,0.98235,train_core
2022-10-04,0.98235,0.99996,0.98061,0.99867,train_core
2022-10-05,0.99858,0.99949,0.98347,0.98842,train_core
2022-10-06,0.98814,0.99265,0.97882,0.97909,train_core
2022-10-07,0.97899,0.98168,0.9726,0.97412,train_core
2022-10-10,0.97322,0.97532,0.96817,0.97032,train_core
2022-10-11,0.97029,0.97746,0.96705,0.97023,train_core
2022-10-12,0.97024,0.97349,0.96679,0.97026,train_core
2022-10-13,0.97016,0.98059,0.96318,0.9778,train_core
2022-10-14,0.97761,0.98087,0.97068,0.97189,train_core
2022-10-17,0.97203,0.9852,0.97175,0.98432,train_core
2022-10-18,0.98416,0.98757,0.98126,0.98575,train_core
2022-10-19,0.98567,0.98725,0.97573,0.97713,train_core
2022-10-20,0.97709,0.98455,0.97545,0.97871,train_core
2022-10-21,0.97858,0.98692,0.97048,0.98578,train_core
2022-10-24,0.98697,0.9899,0.98067,0.98723,train_core
2022-10-25,0.98725,0.99768,0.98482,0.99663,train_core
2022-10-26,0.99655,1.00887,0.99432,1.00838,train_core
2022-10-27,1.0082,1.00937,0.99575,0.99633,train_core
2022-10-28,0.99633,0.99981,0.9926,0.9965,train_core
2022-10-31,0.9955,0.99657,0.98728,0.98805,train_core
2022-11-01,0.98805,0.99539,0.98528,0.98735,train_core
2022-11-02,0.98737,0.99759,0.98129,0.98178,train_core
2022-11-03,0.98192,0.98395,0.973,0.9747,train_core
2022-11-04,0.97468,0.99668,0.97417,0.99581,train_core
2022-11-07,0.99038,1.00341,0.98999,1.00181,train_core
2022-11-08,1.00179,1.00963,0.99716,1.00721,train_core
2022-11-09,1.00719,1.00883,0.99927,1.00106,train_core
2022-11-10,1.00098,1.02218,0.99355,1.02064,train_core
2022-11-11,1.02051,1.03641,1.0163,1.03516,train_core
2022-11-14,1.03332,1.03585,1.02713,1.03261,train_core
2022-11-15,1.03259,1.04818,1.028,1.03472,train_core
2022-11-16,1.03475,1.04384,1.03307,1.03931,train_core
2022-11-17,1.03924,1.04066,1.03052,1.03641,train_core
2022-11-18,1.03627,1.03959,1.03136,1.03211,train_core
2022-11-21,1.03202,1.0333,1.02226,1.02398,train_core
2022-11-22,1.02397,1.03081,1.02385,1.03013,train_core
2022-11-23,1.03012,1.0405,1.02964,1.03936,train_core
2022-11-24,1.03939,1.04487,1.03817,1.04103,train_core
2022-11-25,1.04098,1.04292,1.03547,1.03879,train_core
2022-11-28,1.03733,1.04969,1.03302,1.03392,train_core
2022-11-29,1.03386,1.03943,1.032,1.0328,train_core
2022-11-30,1.03271,1.04287,1.02902,1.04047,train_core
2022-12-01,1.0405,1.05339,1.0393,1.0525,train_core
2022-12-02,1.05227,1.05449,1.04338,1.05391,train_core
2022-12-05,1.05303,1.05949,1.04802,1.04931,train_core
2022-12-06,1.04908,1.05328,1.04594,1.0466,train_core
2022-12-07,1.04649,1.05498,1.04433,1.05054,train_core
2022-12-08,1.0505,1.05647,1.04894,1.0554,train_core
2022-12-09,1.0554,1.05883,1.05018,1.05307,train_core
2022-12-12,1.05308,1.05801,1.05058,1.05369,train_core
2022-12-13,1.05359,1.06731,1.05279,1.06309,train_core
2022-12-14,1.0631,1.06954,1.06189,1.06811,train_core
2022-12-15,1.0681,1.07365,1.05924,1.06251,train_core
2022-12-16,1.06245,1.06628,1.05834,1.0584,train_core
2022-12-19,1.05868,1.0658,1.05757,1.06071,train_core
2022-12-20,1.06062,1.06587,1.05791,1.06198,train_core
2022-12-21,1.0621,1.06455,1.05903,1.06045,train_core
2022-12-22,1.06047,1.06594,1.05732,1.05962,train_core
2022-12-23,1.05957,1.0633,1.05866,1.06144,train_core
2022-12-27,1.06343,1.06694,1.06115,1.06366,train_core
2022-12-28,1.06371,1.06744,1.06066,1.0611,train_core
2022-12-29,1.06106,1.06905,1.06093,1.06599,train_core
2022-12-30,1.06599,1.07132,1.06386,1.06996,train_core
2023-01-02,1.06998,1.07075,1.06504,1.0657,train_core
2023-01-03,1.06589,1.0682,1.05194,1.05477,train_core
2023-01-04,1.05473,1.06355,1.05407,1.06033,train_core
2023-01-05,1.06029,1.06313,1.0515,1.05203,train_core
2023-01-06,1.05202,1.0648,1.04813,1.06428,train_core
2023-01-09,1.06394,1.07605,1.0636,1.07324,train_core
2023-01-10,1.07316,1.07593,1.07121,1.07333,train_core
2023-01-11,1.0733,1.07763,1.07254,1.07566,train_core
2023-01-12,1.07556,1.08669,1.07305,1.08491,train_core
2023-01-13,1.0849,1.08678,1.07803,1.08304,train_core
2023-01-16,1.08312,1.08741,1.08015,1.0823,train_core
2023-01-17,1.08222,1.08694,1.07744,1.07867,train_core
2023-01-18,1.07869,1.08873,1.07661,1.07932,train_core
2023-01-19,1.07922,1.08399,1.0782,1.08299,train_core
2023-01-20,1.08297,1.08587,1.08023,1.08542,train_core
2023-01-23,1.08618,1.09264,1.08462,1.08705,train_core
2023-01-24,1.08704,1.08979,1.08351,1.0887,train_core
2023-01-25,1.08864,1.09237,1.08571,1.09141,train_core
2023-01-26,1.09141,1.09293,1.08503,1.08901,train_core
2023-01-27,1.08895,1.09002,1.08375,1.08666,train_core
2023-01-30,1.08595,1.09137,1.08391,1.08505,train_core
2023-01-31,1.08497,1.08748,1.0802,1.08618,train_core
2023-02-01,1.08618,1.10008,1.08521,1.09881,train_core
2023-02-02,1.09879,1.1033,1.08851,1.09089,train_core
2023-02-03,1.09086,1.09401,1.07917,1.0792,train_core
2023-02-06,1.07904,1.07988,1.07089,1.07238,train_core
2023-02-07,1.07239,1.07665,1.0669,1.07263,train_core
2023-02-08,1.07253,1.07607,1.07094,1.07131,train_core
2023-02-09,1.07126,1.07907,1.07082,1.07375,train_core
2023-02-10,1.0737,1.07527,1.06662,1.06754,train_core
2023-02-13,1.06793,1.07299,1.06555,1.07234,train_core
2023-02-14,1.07229,1.08028,1.07067,1.07345,train_core
2023-02-15,1.07347,1.07445,1.06606,1.06867,train_core
2023-02-16,1.06868,1.07223,1.06545,1.06715,train_core
2023-02-17,1.06716,1.06984,1.06126,1.06923,train_core
2023-02-20,1.0688,1.07047,1.06701,1.06836,train_core
2023-02-21,1.06834,1.06982,1.06374,1.06456,train_core
2023-02-22,1.06455,1.0664,1.0599,1.0603,train_core
2023-02-23,1.06027,1.06277,1.05771,1.0594,train_core
2023-02-24,1.05939,1.06143,1.0536,1.05439,train_core
2023-02-27,1.05459,1.06197,1.05329,1.06084,train_core
2023-02-28,1.06076,1.06449,1.05731,1.05741,train_core
2023-03-01,1.05742,1.06915,1.05654,1.06682,train_core
2023-03-02,1.06675,1.06728,1.05764,1.05959,train_core
2023-03-03,1.05958,1.06386,1.05882,1.0632,train_core
2023-03-06,1.06271,1.06942,1.06219,1.06825,train_core
2023-03-07,1.06801,1.06943,1.0546,1.0548,train_core
2023-03-08,1.05474,1.05737,1.05242,1.05419,train_core
2023-03-09,1.05419,1.05911,1.05352,1.05811,train_core
2023-03-10,1.05797,1.07001,1.05738,1.0637,train_core
2023-03-13,1.06988,1.07485,1.065,1.07267,train_core
2023-03-14,1.07265,1.07495,1.06787,1.07296,train_core
2023-03-15,1.07299,1.07598,1.05161,1.05754,train_core
2023-03-16,1.05754,1.06355,1.05512,1.06122,train_core
2023-03-17,1.06122,1.06851,1.06076,1.06633,train_core
2023-03-20,1.0683,1.07308,1.06311,1.07187,train_core
2023-03-21,1.07187,1.07881,1.07041,1.07675,train_core
2023-03-22,1.07675,1.09125,1.07589,1.08564,train_core
2023-03-23,1.08562,1.09293,1.08241,1.08317,train_core
2023-03-24,1.08317,1.08372,1.07133,1.07574,train_core
2023-03-27,1.07712,1.08,1.0745,1.07985,train_core
2023-03-28,1.07976,1.08485,1.07935,1.08445,train_core
2023-03-29,1.08437,1.08711,1.08176,1.08444,train_core
2023-03-30,1.08439,1.09261,1.08234,1.09054,train_core
2023-03-31,1.09052,1.09257,1.08368,1.08413,train_core
2023-04-03,1.08412,1.09166,1.07881,1.09024,train_core
2023-04-04,1.09024,1.09731,1.08828,1.09564,train_core
2023-04-05,1.09552,1.09695,1.08908,1.09071,train_core
2023-04-06,1.09057,1.09375,1.08846,1.0921,train_core
2023-04-07,1.09208,1.09239,1.0876,1.08972,train_core
2023-04-10,1.09031,1.09171,1.08312,1.08609,train_core
2023-04-11,1.08604,1.09278,1.08506,1.09123,train_core
2023-04-12,1.09121,1.10002,1.09094,1.09896,train_core
2023-04-13,1.09898,1.10677,1.09766,1.10467,train_core
2023-04-14,1.10463,1.10757,1.09724,1.09934,train_core
2023-04-17,1.09927,1.09997,1.09091,1.09269,train_core
2023-04-18,1.09258,1.09828,1.09223,1.09729,train_core
2023-04-19,1.09721,1.0984,1.09173,1.09552,train_core
2023-04-20,1.09547,1.09895,1.09333,1.09697,train_core
2023-04-21,1.09685,1.09937,1.0938,1.09883,train_core
2023-04-24,1.0989,1.105,1.09658,1.10449,train_core
2023-04-25,1.1045,1.1067,1.09642,1.09743,train_core
2023-04-26,1.09728,1.10953,1.09684,1.10398,train_core
2023-04-27,1.10396,1.10633,1.0992,1.10283,train_core
2023-04-28,1.10268,1.10449,1.09624,1.10159,train_core
2023-05-01,1.10188,1.10354,1.09644,1.09764,train_core
2023-05-02,1.09763,1.10079,1.09419,1.09993,train_core
2023-05-03,1.09994,1.10914,1.09982,1.10599,train_core
2023-05-04,1.10591,1.10911,1.09858,1.10128,train_core
2023-05-05,1.10123,1.10478,1.09667,1.10178,train_core
2023-05-08,1.10187,1.10536,1.1,1.10031,train_core
2023-05-09,1.10027,1.10049,1.0941,1.09598,train_core
2023-05-10,1.09604,1.10068,1.09416,1.09829,train_core
2023-05-11,1.09821,1.0998,1.09001,1.09151,train_core
2023-05-12,1.0915,1.09355,1.08478,1.08494,train_core
2023-05-15,1.0853,1.08907,1.08322,1.08741,train_core
2023-05-16,1.08735,1.09045,1.08548,1.08612,train_core
2023-05-17,1.08615,1.08734,1.08103,1.08381,train_core
2023-05-18,1.0838,1.0848,1.07625,1.07703,train_core
2023-05-19,1.077,1.08287,1.076,1.08052,train_core
2023-05-22,1.08059,1.08312,1.07953,1.08126,train_core
2023-05-23,1.08114,1.08206,1.07602,1.077,train_core
2023-05-24,1.077,1.08012,1.07482,1.07486,train_core
2023-05-25,1.07492,1.07567,1.07074,1.07241,train_core
2023-05-26,1.07239,1.07585,1.07016,1.07245,train_core
2023-05-29,1.07233,1.07434,1.07053,1.07085,train_core
2023-05-30,1.07089,1.07465,1.06724,1.07336,train_core
2023-05-31,1.07323,1.07357,1.06351,1.06884,train_core
2023-06-01,1.0688,1.07684,1.06618,1.07618,train_core
2023-06-02,1.07617,1.0779,1.07048,1.07072,train_core
2023-06-05,1.07083,1.07224,1.06745,1.07115,train_core
2023-06-06,1.07115,1.07329,1.06669,1.06917,train_core
2023-06-07,1.06918,1.07397,1.06683,1.06979,train_core
2023-06-08,1.06972,1.07869,1.0695,1.07818,train_core
2023-06-09,1.07813,1.07851,1.07426,1.07481,train_core
2023-06-12,1.07482,1.079,1.07331,1.07576,train_core
2023-06-13,1.07571,1.08235,1.07506,1.07924,train_core
2023-06-14,1.07927,1.08639,1.07738,1.08311,train_core
2023-06-15,1.08308,1.09524,1.08036,1.09449,train_core
2023-06-16,1.09444,1.09705,1.09177,1.09404,train_core
2023-06-19,1.09326,1.09463,1.09071,1.09199,train_core
2023-06-20,1.09202,1.09462,1.08921,1.09176,train_core
2023-06-21,1.09174,1.09909,1.09055,1.09864,train_core
2023-06-22,1.09861,1.10122,1.09484,1.09547,train_core
2023-06-23,1.0955,1.09585,1.08443,1.08944,train_core
2023-06-26,1.09008,1.092,1.08872,1.09042,train_core
2023-06-27,1.09042,1.09767,1.09018,1.096,train_core
2023-06-28,1.09598,1.09622,1.08969,1.09121,train_core
2023-06-29,1.09122,1.09413,1.08602,1.08636,train_core
2023-06-30,1.08635,1.09318,1.08352,1.09098,train_core
2023-07-03,1.09105,1.09339,1.08699,1.09139,train_core
2023-07-04,1.0913,1.09163,1.08763,1.08774,train_core
2023-07-05,1.08782,1.09079,1.08508,1.08527,train_core
2023-07-06,1.08529,1.09006,1.08336,1.08918,train_core
2023-07-07,1.08906,1.09732,1.08669,1.09679,train_core
2023-07-10,1.0958,1.10014,1.09434,1.10007,train_core
2023-07-11,1.10006,1.1027,1.09769,1.10078,train_core
2023-07-12,1.10069,1.11402,1.10039,1.11309,train_core
2023-07-13,1.11303,1.12279,1.11272,1.12255,train_core
2023-07-14,1.12239,1.12448,1.12041,1.12245,train_core
2023-07-17,1.1223,1.12488,1.12031,1.12391,train_core
2023-07-18,1.12382,1.12756,1.12088,1.12276,train_core
2023-07-19,1.12273,1.124,1.11742,1.12022,train_core
2023-07-20,1.12003,1.1229,1.11183,1.11289,train_core
2023-07-21,1.11294,1.11449,1.11077,1.1125,train_core
2023-07-24,1.11232,1.11469,1.10602,1.1064,train_core
2023-07-25,1.10638,1.10868,1.10207,1.10541,train_core
2023-07-26,1.10535,1.11067,1.10378,1.10856,train_core
2023-07-27,1.10843,1.11496,1.09658,1.09754,train_core
2023-07-28,1.09753,1.10475,1.09436,1.10135,train_core
2023-07-31,1.10136,1.10458,1.09934,1.09968,train_core
2023-08-01,1.0996,1.1003,1.09523,1.09838,train_core
2023-08-02,1.09832,1.10192,1.09177,1.09382,train_core
2023-08-03,1.09379,1.09628,1.09122,1.09489,train_core
2023-08-04,1.09469,1.10419,1.09346,1.10036,train_core
2023-08-07,1.1011,1.10146,1.09654,1.1002,train_core
2023-08-08,1.1002,1.1011,1.09291,1.09558,train_core
2023-08-09,1.09549,1.09953,1.09501,1.0973,train_core
2023-08-10,1.09738,1.10653,1.09672,1.09799,train_core
2023-08-11,1.09802,1.10048,1.09429,1.09444,train_core
2023-08-14,1.09484,1.09602,1.08745,1.09063,train_core
2023-08-15,1.09056,1.09523,1.08967,1.09036,train_core
2023-08-16,1.09033,1.09345,1.08715,1.08786,train_core
2023-08-17,1.08774,1.09186,1.08564,1.08716,train_core
2023-08-18,1.087,1.08938,1.08449,1.08679,train_core
2023-08-21,1.0867,1.09137,1.0867,1.08949,train_core
2023-08-22,1.08937,1.09303,1.08329,1.08458,train_core
2023-08-23,1.08444,1.08715,1.08024,1.08621,train_core
2023-08-24,1.08622,1.08765,1.08049,1.08097,train_core
2023-08-25,1.08095,1.08417,1.07657,1.0793,train_core
2023-08-28,1.07944,1.08223,1.07933,1.08182,train_core
2023-08-29,1.08173,1.0892,1.07821,1.08782,train_core
2023-08-30,1.08768,1.09454,1.0855,1.09226,train_core
2023-08-31,1.09217,1.09394,1.0835,1.08425,train_core
2023-09-01,1.08418,1.08819,1.07714,1.07726,train_core
2023-09-04,1.07749,1.08088,1.07714,1.07958,train_core
2023-09-05,1.07945,1.07984,1.07061,1.07212,train_core
2023-09-06,1.07214,1.07488,1.07023,1.07264,train_core
2023-09-07,1.07254,1.07317,1.0686,1.0695,train_core
2023-09-08,1.06953,1.07437,1.06941,1.06992,train_core
2023-09-11,1.07127,1.07592,1.07072,1.07495,train_core
2023-09-12,1.0749,1.07687,1.07054,1.07557,train_core
2023-09-13,1.0755,1.07648,1.07109,1.07292,train_core
2023-09-14,1.0729,1.07521,1.06317,1.06431,train_core
2023-09-15,1.06421,1.06877,1.06331,1.06574,train_core
2023-09-18,1.06579,1.06988,1.06546,1.06912,train_core
2023-09-19,1.06896,1.07179,1.06751,1.06785,train_core
2023-09-20,1.06781,1.07368,1.065,1.06592,train_core
2023-09-21,1.06593,1.06736,1.06168,1.06602,train_core
2023-09-22,1.06593,1.06717,1.06149,1.06422,train_core
2023-09-25,1.06499,1.06554,1.05754,1.05925,train_core
2023-09-26,1.05926,1.06089,1.05617,1.05716,train_core
2023-09-27,1.05711,1.05741,1.0488,1.05021,train_core
2023-09-28,1.05027,1.0579,1.04904,1.05656,train_core
2023-09-29,1.05644,1.0617,1.0558,1.05728,train_core
2023-10-02,1.05658,1.05917,1.04774,1.04774,train_core
2023-10-03,1.04777,1.04935,1.04482,1.04662,train_core
2023-10-04,1.04655,1.05322,1.04512,1.05036,train_core
2023-10-05,1.05035,1.05517,1.05,1.05502,train_core
2023-10-06,1.05492,1.06001,1.04825,1.0585,train_core
2023-10-09,1.05493,1.05743,1.05194,1.05662,train_core
2023-10-10,1.05662,1.06198,1.05543,1.06041,train_core
2023-10-11,1.06036,1.06347,1.05796,1.06176,train_core
2023-10-12,1.06172,1.06397,1.05257,1.05278,train_core
2023-10-13,1.05276,1.05584,1.04955,1.05071,train_core
2023-10-16,1.05075,1.05627,1.05055,1.05585,train_core
2023-10-17,1.05585,1.05948,1.05329,1.05756,train_core
2023-10-18,1.05752,1.05942,1.05231,1.05353,train_core
2023-10-19,1.05353,1.06166,1.05281,1.05807,train_core
2023-10-20,1.05813,1.06036,1.05649,1.05938,train_core
2023-10-23,1.0591,1.06778,1.05714,1.0668,train_core
2023-10-24,1.06673,1.06941,1.05829,1.05901,train_core
2023-10-25,1.059,1.06067,1.05651,1.05656,train_core
2023-10-26,1.05653,1.05692,1.0521,1.05631,train_core
2023-10-27,1.05609,1.0597,1.05353,1.05644,train_core
2023-10-30,1.05655,1.06251,1.0547,1.06146,train_core
2023-10-31,1.06147,1.06747,1.05575,1.05742,train_core
2023-11-01,1.05749,1.05806,1.05167,1.05697,train_core
2023-11-02,1.05703,1.06675,1.05703,1.06209,train_core
2023-11-03,1.06209,1.07466,1.06147,1.07308,train_core
2023-11-06,1.07229,1.07563,1.07158,1.0717,train_core
2023-11-07,1.07167,1.07226,1.06641,1.06993,train_core
2023-11-08,1.06991,1.0716,1.06593,1.07086,train_core
2023-11-09,1.07077,1.07255,1.066,1.06674,train_core
2023-11-10,1.0667,1.06926,1.06561,1.06838,train_core
2023-11-13,1.06809,1.07063,1.0665,1.06986,train_core
2023-11-14,1.06977,1.08874,1.06928,1.08785,train_core
2023-11-15,1.08781,1.08854,1.08315,1.08467,train_core
2023-11-16,1.08457,1.08955,1.08299,1.08524,train_core
2023-11-17,1.08506,1.09138,1.08247,1.09113,train_core
2023-11-20,1.09088,1.09519,1.08975,1.09394,train_core
2023-11-21,1.09392,1.0965,1.09001,1.09101,train_core
2023-11-22,1.09094,1.09228,1.08523,1.08879,train_core
2023-11-23,1.08866,1.09306,1.08829,1.09058,train_core
2023-11-24,1.09053,1.09484,1.0895,1.09348,train_core
2023-11-27,1.09386,1.09592,1.09251,1.09539,train_core
2023-11-28,1.09537,1.10089,1.09344,1.09944,train_core
2023-11-29,1.09937,1.10172,1.096,1.09691,train_core
2023-11-30,1.0969,1.0984,1.08794,1.08877,train_core
2023-12-01,1.08865,1.09127,1.08287,1.08782,train_core
2023-12-04,1.08771,1.0895,1.0804,1.08356,train_core
2023-12-05,1.08341,1.08474,1.0778,1.07977,train_core
2023-12-06,1.0797,1.08047,1.07586,1.07636,train_core
2023-12-07,1.07636,1.08176,1.0755,1.07923,train_core
2023-12-08,1.0792,1.08007,1.07233,1.0756,train_core
2023-12-11,1.07558,1.0779,1.07415,1.07637,train_core
2023-12-12,1.07629,1.08275,1.07552,1.07939,train_core
2023-12-13,1.0793,1.08965,1.07731,1.08745,train_core
2023-12-14,1.08738,1.10091,1.08716,1.09909,train_core
2023-12-15,1.09914,1.10037,1.08885,1.08933,train_core
2023-12-18,1.08948,1.09312,1.08919,1.09229,train_core
2023-12-19,1.09213,1.09874,1.09148,1.09802,train_core
2023-12-20,1.09801,1.09824,1.09297,1.09428,train_core
2023-12-21,1.09416,1.1012,1.09352,1.10115,train_core
2023-12-22,1.10105,1.10403,1.09847,1.10131,train_core
2023-12-26,1.1004,1.10449,1.1003,1.10414,train_core
2023-12-27,1.10412,1.11227,1.10284,1.11058,train_core
2023-12-28,1.11048,1.11394,1.1055,1.10618,train_core
2023-12-29,1.10615,1.10844,1.10342,1.10364,train_core
2024-01-02,1.10418,1.1044,1.09383,1.09401,train_core
2024-01-03,1.09404,1.09655,1.08929,1.09214,train_core
2024-01-04,1.09212,1.09722,1.09098,1.09443,train_core
2024-01-05,1.09435,1.09984,1.08767,1.09405,train_core
2024-01-08,1.0938,1.09788,1.09226,1.09498,train_core
2024-01-09,1.09499,1.09663,1.09104,1.09305,train_core
2024-01-10,1.09296,1.09728,1.09227,1.0972,train_core
2024-01-11,1.09707,1.09995,1.09301,1.09725,train_core
2024-01-12,1.09713,1.09869,1.09359,1.09495,train_core
2024-01-15,1.09449,1.09674,1.09334,1.09499,train_core
2024-01-16,1.09492,1.09503,1.0862,1.08749,train_core
2024-01-17,1.08738,1.08844,1.08445,1.08815,train_core
2024-01-18,1.08812,1.09068,1.08466,1.08755,train_core
2024-01-19,1.0875,1.08973,1.08624,1.08967,train_core
2024-01-22,1.08903,1.09095,1.08799,1.0882,train_core
2024-01-23,1.08817,1.0916,1.08215,1.0853,train_core
2024-01-24,1.08502,1.09323,1.08421,1.08835,train_core
2024-01-25,1.08833,1.09019,1.08216,1.08468,train_core
2024-01-26,1.08451,1.08856,1.08129,1.08526,train_core
2024-01-29,1.08411,1.08501,1.07959,1.08327,train_core
2024-01-30,1.08323,1.08574,1.08119,1.0845,train_core
2024-01-31,1.08434,1.08874,1.07949,1.08168,train_core
2024-02-01,1.08169,1.08748,1.07799,1.08713,train_core
2024-02-02,1.08712,1.08975,1.07803,1.07843,train_core
2024-02-05,1.07813,1.07861,1.07231,1.07413,train_core
2024-02-06,1.07414,1.07624,1.07225,1.07532,train_core
2024-02-07,1.07531,1.07838,1.0749,1.07727,train_core
2024-02-08,1.0772,1.07888,1.07415,1.07774,train_core
2024-02-09,1.07769,1.07951,1.0762,1.07847,train_core
2024-02-12,1.0777,1.08055,1.07558,1.07708,train_core
2024-02-13,1.07708,1.07957,1.07005,1.07089,train_core
2024-02-14,1.07087,1.07344,1.06949,1.0727,train_core
2024-02-15,1.07268,1.07848,1.0724,1.07723,train_core
2024-02-16,1.0771,1.07874,1.07319,1.07759,train_core
2024-02-19,1.07706,1.07895,1.07621,1.07794,train_core
2024-02-20,1.0779,1.08388,1.07617,1.08078,train_core
2024-02-21,1.08074,1.08244,1.07899,1.08196,train_core
2024-02-22,1.08193,1.08883,1.08018,1.08219,train_core
2024-02-23,1.08219,1.08395,1.08117,1.08193,train_core
2024-02-26,1.08215,1.08596,1.08125,1.08506,train_core
2024-02-27,1.08493,1.08658,1.08329,1.08445,train_core
2024-02-28,1.08439,1.08459,1.07965,1.08377,train_core
2024-02-29,1.08374,1.08558,1.07958,1.08043,train_core
2024-03-01,1.0803,1.08431,1.07981,1.08381,train_core
2024-03-04,1.08343,1.08667,1.08343,1.08553,train_core
2024-03-05,1.08552,1.08758,1.084,1.08558,train_core
2024-03-06,1.08551,1.09153,1.08422,1.08983,train_core
2024-03-07,1.08979,1.0949,1.08677,1.09477,train_core
2024-03-08,1.09462,1.09812,1.09178,1.09363,train_core
2024-03-11,1.09365,1.0948,1.09145,1.09252,train_core
2024-03-12,1.09249,1.0944,1.09019,1.09261,train_core
2024-03-13,1.09263,1.09637,1.092,1.09477,train_core
2024-03-14,1.0948,1.09546,1.08806,1.08841,train_core
2024-03-15,1.0884,1.08996,1.0873,1.08832,train_core
2024-03-18,1.08882,1.09061,1.0866,1.08723,train_core
2024-03-19,1.08723,1.08765,1.08347,1.08648,train_core
2024-03-20,1.08648,1.09231,1.08364,1.09185,train_core
2024-03-21,1.09197,1.09424,1.08554,1.08606,train_core
2024-03-22,1.08606,1.0868,1.08017,1.08063,train_core
2024-03-25,1.08041,1.08424,1.0802,1.08359,train_core
2024-03-26,1.0836,1.08643,1.08242,1.08316,train_core
2024-03-27,1.08316,1.08391,1.08107,1.08261,train_core
2024-03-28,1.08239,1.08266,1.0775,1.0788,train_core
2024-03-29,1.07881,1.08055,1.07679,1.07873,train_core
2024-04-01,1.07886,1.07989,1.07309,1.07423,train_core
2024-04-02,1.07415,1.0779,1.07245,1.07685,validation
2024-04-03,1.07687,1.08367,1.07639,1.08354,validation
2024-04-04,1.08347,1.08765,1.08317,1.08362,validation
2024-04-05,1.08366,1.08478,1.07913,1.08359,validation
2024-04-08,1.08349,1.08621,1.08208,1.08588,validation
2024-04-09,1.08576,1.08849,1.08476,1.08563,validation
2024-04-10,1.0856,1.08664,1.07288,1.07414,validation
2024-04-11,1.07412,1.07565,1.06991,1.07253,validation
2024-04-12,1.07254,1.07288,1.06224,1.06399,validation
2024-04-15,1.063,1.06652,1.06202,1.06236,validation
2024-04-16,1.06236,1.06537,1.0601,1.06182,validation
2024-04-17,1.06182,1.06796,1.0606,1.06719,validation
2024-04-18,1.0672,1.06899,1.06409,1.06427,validation
2024-04-19,1.06426,1.06777,1.06103,1.06559,validation
2024-04-22,1.06504,1.06707,1.06239,1.06527,validation
2024-04-23,1.06528,1.07113,1.06384,1.0702,validation
2024-04-24,1.0702,1.07142,1.06778,1.06986,validation
2024-04-25,1.06976,1.07399,1.06782,1.07293,validation
2024-04-26,1.0729,1.07528,1.06739,1.06922,validation
2024-04-29,1.06898,1.07336,1.06869,1.07193,validation
2024-04-30,1.07194,1.07353,1.06645,1.06647,validation
2024-05-01,1.06649,1.07326,1.06493,1.07127,validation
2024-05-02,1.07124,1.07303,1.06741,1.07243,validation
2024-05-03,1.07244,1.08125,1.07222,1.07622,validation
2024-05-06,1.07594,1.07907,1.07552,1.07691,validation
2024-05-07,1.07683,1.07873,1.07478,1.07548,validation
2024-05-08,1.07542,1.07574,1.07348,1.07477,validation
2024-05-09,1.07471,1.07844,1.07237,1.07813,validation
2024-05-10,1.0781,1.07901,1.07602,1.07699,validation
2024-05-13,1.07681,1.08067,1.07657,1.07892,validation
2024-05-14,1.07887,1.08256,1.07666,1.0819,validation
2024-05-15,1.08184,1.0886,1.0813,1.0883,validation
2024-05-16,1.08832,1.0895,1.08544,1.08661,validation
2024-05-17,1.08651,1.08784,1.08356,1.08678,validation
2024-05-20,1.0865,1.08844,1.08542,1.08561,validation
2024-05-21,1.08559,1.08747,1.08426,1.08534,validation
2024-05-22,1.08533,1.08635,1.08174,1.08209,validation
2024-05-23,1.08213,1.08609,1.08047,1.08149,validation
2024-05-24,1.08137,1.08578,1.08054,1.08448,validation
2024-05-27,1.08435,1.08673,1.08406,1.08583,validation
2024-05-28,1.08565,1.0889,1.08509,1.08559,validation
2024-05-29,1.08562,1.08589,1.07996,1.08001,validation
2024-05-30,1.08005,1.08451,1.07882,1.08315,validation
2024-05-31,1.08306,1.08823,1.08111,1.08489,validation
2024-06-03,1.08453,1.09039,1.08277,1.09039,validation
2024-06-04,1.09031,1.09161,1.0859,1.08784,validation
2024-06-05,1.08787,1.08917,1.08543,1.08683,validation
2024-06-06,1.08685,1.09019,1.08618,1.08892,validation
2024-06-07,1.08894,1.09018,1.07997,1.08012,validation
2024-06-10,1.07669,1.07816,1.07327,1.07657,validation
2024-06-11,1.0765,1.07735,1.07194,1.07406,validation
2024-06-12,1.07399,1.08523,1.07345,1.08084,validation
2024-06-13,1.08077,1.08163,1.07328,1.07381,validation
2024-06-14,1.07375,1.07449,1.06676,1.0701,validation
2024-06-17,1.06981,1.07377,1.06864,1.07338,validation
2024-06-18,1.07332,1.07614,1.071,1.07388,validation
2024-06-19,1.07388,1.07532,1.07247,1.07436,validation
2024-06-20,1.07427,1.07487,1.07017,1.07018,validation
2024-06-21,1.07018,1.07206,1.0671,1.06907,validation
2024-06-24,1.06839,1.07463,1.06837,1.07339,validation
2024-06-25,1.0733,1.07441,1.06906,1.07137,validation
2024-06-26,1.07128,1.07179,1.06659,1.068,validation
2024-06-27,1.06798,1.07265,1.0677,1.0703,validation
2024-06-28,1.07031,1.07247,1.06854,1.07125,validation
2024-07-01,1.07371,1.07764,1.07196,1.07396,validation
2024-07-02,1.07388,1.07471,1.07099,1.07449,test
2024-07-03,1.07442,1.08169,1.07362,1.07872,test
2024-07-04,1.07858,1.08138,1.07799,1.08118,test
2024-07-05,1.08117,1.08425,1.07979,1.08365,test
2024-07-08,1.08029,1.08449,1.08019,1.08228,test
2024-07-09,1.08229,1.08333,1.08054,1.08135,test
2024-07-10,1.08132,1.083,1.08109,1.08297,test
2024-07-11,1.08281,1.08998,1.08254,1.08666,test
2024-07-12,1.08664,1.09112,1.08617,1.09036,test
2024-07-15,1.08823,1.09223,1.08823,1.08941,test
2024-07-16,1.08944,1.09055,1.08715,1.0898,test
2024-07-17,1.0898,1.09481,1.0895,1.0939,test
2024-07-18,1.09389,1.09409,1.08936,1.08947,test
2024-07-19,1.08946,1.09017,1.08757,1.08799,test
2024-07-22,1.08799,1.09027,1.0873,1.08905,test
2024-07-23,1.089,1.08967,1.08439,1.08521,test
2024-07-24,1.08523,1.08666,1.08257,1.08389,test
2024-07-25,1.0839,1.08699,1.08283,1.0845,test
2024-07-26,1.0845,1.08682,1.0842,1.08549,test
2024-07-29,1.08559,1.08699,1.08028,1.0821,test
2024-07-30,1.08199,1.08358,1.07983,1.08138,test
2024-07-31,1.08137,1.08495,1.08016,1.08258,test
2024-08-01,1.08254,1.08354,1.07774,1.07909,test
