open,high,low,close
1.1212,1.12255,1.12071,1.1222
1.12219,1.12255,1.12018,1.12053
1.12052,1.1215,1.12022,1.1204
1.12041,1.12048,1.11838,1.1197
1.11968,1.12037,1.1164,1.11704
1.11706,1.11736,1.1164,1.1172
1.1172,1.11788,1.1169,1.11738
1.11739,1.11778,1.11645,1.11668
1.11667,1.11719,1.11395,1.11397
1.11398,1.11479,1.11241,1.11371
1.1137,1.11792,1.11343,1.11716
1.11715,1.11727,1.1151,1.1154
1.1163,1.11678,1.1157,1.11622
1.11622,1.11705,1.11599,1.11618
1.11617,1.11937,1.11565,1.11935
1.11934,1.12058,1.11901,1.11978
1.11979,1.12005,1.11812,1.11953
1.11953,1.1199,1.11882,1.11948
1.11942,1.11978,1.11894,1.11938
1.11937,1.11947,1.11832,1.11834
1.11835,1.119,1.11727,1.11845
1.11846,1.11862,1.11547,1.11559
1.11561,1.11618,1.11327,1.11417
1.11416,1.1153,1.11406,1.11518
1.11514,1.11675,1.11437,1.11548
1.11551,1.11606,1.11443,1.11484
1.11483,1.11541,1.11243,1.11376
1.11377,1.11378,1.11096,1.11188
1.1119,1.11297,1.11076,1.11168
1.11167,1.11167,1.10998,1.11039
1.11029,1.11181,1.11014,1.11161
1.1116,1.11176,1.11113,1.11171
1.11169,1.11192,1.10971,1.1098
1.1098,1.1116,1.10954,1.11136
1.11135,1.11135,1.10911,1.11033
1.11033,1.11087,1.11021,1.11043
1.11042,1.11083,1.11003,1.1103
1.11031,1.11098,1.11024,1.11078
1.11079,1.11099,1.10897,1.1095
1.10951,1.11119,1.10837,1.10947
1.10947,1.11279,1.10847,1.11212
1.11211,1.1122,1.1114,1.11149
1.1113,1.11202,1.11104,1.11201
1.112,1.11308,1.11188,1.11286
1.11285,1.1135,1.11135,1.11139
1.1114,1.11271,1.11113,1.11176
1.11177,1.11459,1.11163,1.11392
1.11392,1.1144,1.1132,1.11328
1.1132,1.11412,1.11301,1.1136
1.1136,1.11378,1.11343,1.11359
1.1136,1.11436,1.11294,1.11306
1.11304,1.11343,1.11037,1.11089
1.11089,1.11317,1.1103,1.11299
1.11297,1.11336,1.11234,1.11261
1.11257,1.11301,1.11239,1.11286
1.11285,1.11335,1.1126,1.1133
1.11328,1.11359,1.11173,1.11273
1.11272,1.11539,1.11239,1.11483
1.11481,1.11629,1.11427,1.11571
1.1157,1.1159,1.11472,1.11488
1.11487,1.11574,1.1148,1.1153
1.11529,1.11543,1.1149,1.11491
1.1149,1.11632,1.11439,1.11535
1.11533,1.11718,1.11496,1.1151
1.11509,1.11598,1.11268,1.11336
1.11336,1.11371,1.11308,1.11347
1.11347,1.11383,1.11304,1.11358
1.11358,1.11416,1.11298,1.11355
1.11353,1.11402,1.11237,1.11267
1.11266,1.11272,1.10966,1.10993
1.10994,1.1105,1.10847,1.10898
1.10897,1.10932,1.10865,1.10886
1.10913,1.10972,1.10875,1.10949
1.10948,1.10975,1.10925,1.10962
1.10965,1.11011,1.10809,1.10878
1.10879,1.10892,1.10791,1.10821
1.1082,1.10855,1.10751,1.10819
1.1082,1.10965,1.1081,1.10932
1.10929,1.10963,1.10874,1.10892
1.10892,1.1098,1.10892,1.10939
1.1094,1.10961,1.10842,1.10893
1.10893,1.11167,1.10887,1.11125
1.11124,1.11126,1.10875,1.10906
1.10905,1.1094,1.10794,1.10805
1.10815,1.10855,1.10763,1.10805
1.10804,1.10843,1.10759,1.10832
1.10831,1.10914,1.10734,1.10894
1.10895,1.10934,1.10757,1.10884
1.10885,1.1097,1.10687,1.10843
1.10842,1.10935,1.10825,1.10914
1.10912,1.10983,1.10784,1.10881
1.10879,1.10902,1.10798,1.10819
1.10819,1.10909,1.10776,1.10831
1.1083,1.11072,1.10788,1.10854
1.10854,1.10888,1.10346,1.10493
1.10495,1.10572,1.10465,1.10501
1.10501,1.10561,1.10491,1.10523
1.10523,1.10523,1.10448,1.10474
1.10473,1.10599,1.10318,1.10343
1.10342,1.1038,1.10244,1.10371
1.10372,1.10381,1.10177,1.10256
1.10256,1.10313,1.10198,1.1023
1.10284,1.1033,1.10215,1.10318
1.10319,1.1034,1.1025,1.1029
1.10289,1.10358,1.10133,1.1019
1.10194,1.10298,1.10166,1.10254
1.10254,1.10303,1.10076,1.10133
1.10133,1.10183,1.10109,1.10161
1.10169,1.10236,1.10149,1.10181
1.1018,1.10213,1.10159,1.10201
1.102,1.10216,1.10109,1.10149
1.10148,1.10208,1.10003,1.10036
1.10038,1.10089,1.09959,1.1007
1.10072,1.1021,1.10072,1.10199
1.10203,1.10258,1.1014,1.10145
1.10143,1.10152,1.10092,1.10129
1.1013,1.10145,1.09924,1.10002
1.10001,1.10022,1.09902,1.09905
1.09906,1.10078,1.09904,1.1003
1.10029,1.10188,1.09964,1.10078
1.10078,1.1016,1.10041,1.1009
1.10091,1.10151,1.10091,1.10114
1.10116,1.10193,1.10047,1.10168
1.10164,1.10298,1.10094,1.10233
1.10233,1.10363,1.10129,1.10358
1.10356,1.10373,1.10268,1.10295
1.10289,1.10331,1.10248,1.10272
1.10273,1.10313,1.10196,1.10196
1.10196,1.10322,1.10149,1.10263
1.10266,1.10541,1.10209,1.10536
1.10534,1.10893,1.10471,1.1082
1.1082,1.10943,1.10769,1.10936
1.10925,1.10929,1.10792,1.10824
1.10823,1.10842,1.10794,1.10836
1.10835,1.10855,1.1058,1.10714
1.10715,1.10731,1.10573,1.10614
1.10614,1.10652,1.1034,1.10573
1.10574,1.10639,1.10554,1.10562
1.1056,1.10627,1.10548,1.10589
1.10588,1.10621,1.10541,1.10571
1.1057,1.10624,1.10475,1.10542
1.10542,1.10568,1.10415,1.10431
1.10424,1.10469,1.10312,1.10353
1.1035,1.10439,1.1035,1.10419
1.10418,1.10443,1.10379,1.10388
1.10387,1.10394,1.1032,1.10361
1.10364,1.10462,1.10198,1.10242
1.10242,1.10282,1.10061,1.10107
1.10107,1.10124,1.09944,1.09992
1.09994,1.10012,1.09915,1.09966
1.09966,1.09986,1.09925,1.09962
1.09961,1.0998,1.09921,1.09979
1.09977,1.10118,1.09919,1.09971
1.09973,1.10038,1.09936,1.09997
1.09996,1.09997,1.09623,1.09731
1.09729,1.09805,1.09688,1.09803
1.09801,1.09811,1.09741,1.09811
1.0981,1.0983,1.09772,1.09788
1.09793,1.09805,1.09511,1.09525
1.09526,1.09689,1.09457,1.09561
1.09559,1.09743,1.09398,1.09406
1.09406,1.09469,1.09398,1.09428
1.09436,1.09509,1.09396,1.09482
1.09481,1.09553,1.09478,1.09534
1.09531,1.09553,1.09425,1.09475
1.09476,1.09528,1.09275,1.09297
1.09297,1.0936,1.09068,1.09078
1.0908,1.09142,1.09052,1.09081
1.09081,1.09127,1.09054,1.09115
1.09114,1.09147,1.09054,1.09097
1.09097,1.09133,1.09032,1.09114
1.0911,1.09182,1.08886,1.09012
1.09014,1.09225,1.08991,1.09195
1.09195,1.09208,1.09121,1.09122
1.09123,1.09177,1.09093,1.09158
1.09157,1.09172,1.09074,1.09084
1.09085,1.09232,1.08996,1.09179
1.09178,1.09194,1.09022,1.09027
1.09029,1.0908,1.08741,1.08763
1.08764,1.08786,1.08625,1.08709
1.08709,1.08741,1.08671,1.08704
1.08704,1.08714,1.08628,1.08691
1.08691,1.08864,1.08671,1.08805
1.08807,1.08853,1.08505,1.08524
1.08525,1.08593,1.08315,1.084
1.084,1.0843,1.08352,1.0837
1.08372,1.08395,1.08249,1.08337
1.08336,1.08349,1.08283,1.08347
1.08346,1.08478,1.08296,1.08427
1.08426,1.08572,1.08299,1.08526
1.08527,1.08589,1.08305,1.08408
1.0841,1.08438,1.08262,1.08275
1.08383,1.08392,1.08311,1.08342
1.08341,1.08389,1.08335,1.08371
1.08371,1.08486,1.08314,1.08418
1.08418,1.08458,1.08297,1.08337
1.08335,1.0839,1.08266,1.08298
1.08299,1.0835,1.08277,1.08321
1.08326,1.08351,1.08206,1.08253
1.08254,1.08315,1.08212,1.08288
1.08292,1.08349,1.08222,1.08252
1.08251,1.08344,1.07908,1.08
1.08003,1.08236,1.07832,1.0802
1.08019,1.08021,1.07871,1.07886
1.07886,1.08014,1.07877,1.07997
1.07998,1.08006,1.07919,1.07932
1.0793,1.08057,1.07888,1.08009
1.08009,1.08038,1.07823,1.07913
1.07915,1.07966,1.07799,1.07895
1.07894,1.0809,1.07878,1.08021
1.08017,1.0813,1.07954,1.0798
1.0798,1.08,1.07895,1.07943
1.07943,1.08039,1.07753,1.07978
1.07975,1.08028,1.07835,1.08026
1.08025,1.0819,1.07805,1.07907
1.07907,1.07947,1.07803,1.07823
1.07821,1.07915,1.07812,1.07906
1.07905,1.07926,1.07854,1.07906
1.07907,1.08175,1.07872,1.08077
1.08072,1.08102,1.0793,1.08072
1.0807,1.08616,1.07991,1.08556
1.08555,1.08597,1.08427,1.08449
1.08095,1.08403,1.08088,1.0826
1.08262,1.08278,1.08128,1.08131
1.08129,1.08398,1.08028,1.08136
1.08136,1.08261,1.08109,1.08127
1.08128,1.08698,1.08119,1.08689
1.08691,1.08701,1.08394,1.08504
1.08506,1.08579,1.08431,1.08565
1.08566,1.08656,1.08489,1.08492
1.08491,1.08641,1.08457,1.08486
1.08487,1.08487,1.08281,1.08388
1.0839,1.08809,1.08297,1.08809
1.08807,1.08884,1.08701,1.08789
1.08789,1.08807,1.08655,1.0872
1.0872,1.08765,1.08606,1.08741
1.08743,1.08958,1.08636,1.08872
1.08871,1.09068,1.08542,1.08636
1.08638,1.08924,1.0853,1.08769
1.08771,1.08982,1.08728,1.08794
1.08803,1.09113,1.08745,1.08997
1.09,1.09133,1.08994,1.09061
1.09059,1.09468,1.09042,1.0934
1.0934,1.09771,1.09315,1.09762
1.09762,1.10065,1.09626,1.09793
1.09793,1.10026,1.09776,1.09994
1.09993,1.10052,1.09858,1.0988
1.09879,1.10045,1.09823,1.10003
1.10001,1.10533,1.09912,1.10447
1.10447,1.10452,1.09683,1.09865
1.09869,1.10081,1.09499,1.10002
1.10003,1.10455,1.09894,1.10267
1.10476,1.10733,1.1036,1.10564
1.10564,1.10635,1.10417,1.10431
1.1043,1.10932,1.10379,1.10791
1.10793,1.11645,1.10774,1.11224
1.11223,1.11854,1.11079,1.11798
1.11799,1.1184,1.11234,1.11335
1.11324,1.11478,1.11203,1.11323
1.11323,1.11557,1.11289,1.11452
1.11453,1.11512,1.11001,1.11265
1.11264,1.11386,1.10949,1.11179
1.1118,1.12136,1.11153,1.11594
1.11591,1.11952,1.11584,1.11716
1.11696,1.11853,1.11622,1.11666
1.11665,1.11712,1.11554,1.11571
1.1157,1.11876,1.11434,1.11567
1.11567,1.11671,1.11098,1.11253
1.11253,1.11452,1.10949,1.11232
1.11233,1.1142,1.11233,1.11333
1.11329,1.11424,1.11282,1.11365
1.11365,1.11437,1.11338,1.11345
1.11345,1.11743,1.11193,1.11736
1.11735,1.12002,1.11565,1.11862
1.11861,1.1217,1.1167,1.12152
1.12151,1.12449,1.11921,1.12379
1.12376,1.12468,1.12118,1.1246
1.12461,1.12494,1.12266,1.12287
1.12292,1.12958,1.12191,1.12943
1.12943,1.13411,1.12934,1.13232
1.13234,1.13552,1.12874,1.13057
1.13058,1.13263,1.12858,1.1286
1.13488,1.14954,1.13404,1.14278
1.14278,1.14609,1.13714,1.13826
1.13821,1.14758,1.13654,1.13917
1.13916,1.14846,1.13753,1.1401
1.14013,1.14793,1.13999,1.1463
1.1463,1.14719,1.14222,1.14463
1.14464,1.14581,1.13721,1.14071
1.14071,1.14148,1.1332,1.13417
1.13415,1.14012,1.13378,1.13511
1.13512,1.13946,1.13361,1.13722
1.13723,1.1386,1.12961,1.13164
1.13162,1.13311,1.12747,1.12909
1.12916,1.13285,1.12866,1.13241
1.13241,1.13517,1.13162,1.1351
1.13508,1.13668,1.13012,1.1304
1.1304,1.13519,1.13039,1.13451
1.13451,1.13485,1.12573,1.12846
1.12849,1.12879,1.12494,1.12607
1.12606,1.13336,1.12543,1.13192
1.13192,1.13319,1.12854,1.12932
1.12931,1.13195,1.12368,1.12445
1.12443,1.13011,1.11974,1.1239
1.12387,1.12387,1.10547,1.11851
1.11851,1.12261,1.11594,1.11668
1.11676,1.11885,1.11521,1.11864
1.11863,1.1221,1.11765,1.12023
1.12025,1.12141,1.11606,1.11647
1.11653,1.1186,1.11023,1.11235
1.11233,1.11328,1.10542,1.108
1.10799,1.11168,1.10564,1.10982
1.11882,1.11968,1.10839,1.11008
1.11013,1.11338,1.10879,1.11173
1.11178,1.12365,1.1116,1.11927
1.11927,1.12082,1.1109,1.11481
1.11479,1.11771,1.10936,1.11581
1.11577,1.1186,1.11505,1.11775
1.11756,1.11786,1.11577,1.11691
1.11691,1.1189,1.11653,1.11683
1.11681,1.1174,1.10913,1.10923
1.10915,1.10942,1.09718,1.09934
1.09936,1.10136,1.09535,1.09873
1.09874,1.10191,1.09791,1.10046
1.1005,1.10214,1.09838,1.09997
1.09995,1.10446,1.0998,1.10383
1.10384,1.10384,1.09542,1.09941
1.09939,1.1017,1.08937,1.09075
1.09066,1.09273,1.08004,1.08469
1.08465,1.09172,1.08186,1.0911
1.09109,1.09804,1.08852,1.0908
1.0908,1.09181,1.08767,1.09005
1.09004,1.09467,1.08119,1.08226
1.08226,1.08382,1.07247,1.08024
1.08026,1.08172,1.06538,1.06829
1.06828,1.07047,1.06505,1.06569
1.06569,1.07431,1.06516,1.07186
1.07183,1.07678,1.07076,1.07515
1.07515,1.083,1.07129,1.072
1.07201,1.07593,1.06764,1.06918
1.06921,1.07484,1.0652,1.06657
1.06657,1.07016,1.06364,1.06921
1.0693,1.07197,1.0635,1.07154
1.07156,1.07551,1.07108,1.07493
1.07496,1.07675,1.06726,1.06829
1.0683,1.08059,1.06653,1.07918
1.07915,1.08272,1.07224,1.07503
1.07501,1.07531,1.07188,1.0726
1.07266,1.08218,1.07227,1.0793
1.0793,1.08171,1.07749,1.07779
1.07781,1.08649,1.07764,1.0853
1.08529,1.08871,1.07866,1.08111
1.08103,1.082,1.07519,1.0755
1.0755,1.07979,1.07448,1.078
1.07789,1.08137,1.07593,1.08058
1.08059,1.08229,1.07912,1.08154
1.08155,1.08484,1.07914,1.08422
1.08426,1.08469,1.0796,1.07972
1.07972,1.08683,1.07837,1.08604
1.08604,1.0893,1.08555,1.08788
1.08788,1.09328,1.08691,1.09059
1.09061,1.09188,1.08912,1.0908
1.09081,1.09502,1.08956,1.09454
1.09457,1.09892,1.09263,1.09744
1.09745,1.10442,1.0952,1.10221
1.10221,1.10581,1.10177,1.10323
1.10319,1.10585,1.10223,1.10301
1.10299,1.10864,1.10274,1.10722
1.10722,1.10731,1.09922,1.10016
1.10015,1.10305,1.09523,1.09806
1.09806,1.11014,1.09781,1.10972
1.10974,1.11468,1.10904,1.11372
1.11168,1.1144,1.10893,1.11047
1.11049,1.11167,1.1068,1.10806
1.10805,1.11055,1.10595,1.10907
1.10907,1.10951,1.10114,1.1014
1.10139,1.10446,1.10086,1.10181
1.1018,1.10543,1.10104,1.10408
1.10372,1.10534,1.09823,1.1012
1.1012,1.1032,1.09994,1.10149
1.10151,1.10239,1.09771,1.09776
1.09778,1.09888,1.09252,1.09704
1.09696,1.10282,1.09412,1.09689
1.09689,1.10365,1.09643,1.1028
1.10326,1.10384,1.1022,1.10312
1.10314,1.10326,1.10056,1.10162
1.10161,1.1033,1.093,1.09559
1.09557,1.09582,1.09152,1.0929
1.09287,1.09414,1.09158,1.09245
1.09244,1.0969,1.09019,1.09609
1.09605,1.09672,1.0938,1.09422
1.09422,1.09585,1.09295,1.09433
1.09435,1.09638,1.0914,1.09183
1.09183,1.09392,1.08741,1.08789
1.08788,1.08993,1.0836,1.08408
1.08407,1.08654,1.08198,1.0855
1.08544,1.0864,1.08323,1.08414
1.08412,1.08546,1.08358,1.08428
1.08424,1.08504,1.07859,1.07976
1.07974,1.08149,1.07739,1.07759
1.07757,1.08084,1.07716,1.07861
1.07867,1.08274,1.07808,1.08063
1.08077,1.08225,1.0798,1.08134
1.08134,1.08227,1.08048,1.08137
1.08136,1.08344,1.07821,1.07919
1.07922,1.08171,1.07785,1.0791
1.0791,1.08168,1.07671,1.0801
1.0801,1.0805,1.07817,1.07913
1.07913,1.08013,1.07827,1.07929
1.07928,1.08293,1.07899,1.08254
1.08254,1.0878,1.082,1.08675
1.08674,1.09166,1.08565,1.09046
1.09046,1.09256,1.08755,1.08959
1.08961,1.09146,1.08937,1.08961
1.0895,1.0907,1.08718,1.08725
1.08727,1.0884,1.08635,1.08722
1.08717,1.08924,1.08343,1.08537
1.08542,1.08844,1.08542,1.08726
1.08725,1.08879,1.08501,1.08629
1.0863,1.08722,1.08494,1.08551
1.08539,1.08797,1.08508,1.08713
1.0871,1.08766,1.08528,1.08646
1.08645,1.08813,1.08399,1.08684
1.08683,1.09091,1.08486,1.09035
1.09037,1.09448,1.08941,1.09353
1.09353,1.09515,1.09194,1.09282
1.09283,1.09354,1.09177,1.0922
1.0922,1.09438,1.092,1.09381
1.09372,1.09512,1.09262,1.09415
1.09414,1.09475,1.09352,1.09422
1.09421,1.09516,1.09408,1.09478
1.09478,1.09479,1.09291,1.09311
1.09487,1.09487,1.09279,1.09295
1.09293,1.09417,1.09243,1.0936
1.0936,1.09675,1.09263,1.09304
1.09304,1.09381,1.09022,1.09216
1.09217,1.09226,1.08917,1.0916
1.09157,1.09232,1.0903,1.09086
1.09055,1.0927,1.0901,1.09224
1.09222,1.09483,1.09158,1.09431
1.09434,1.09468,1.09141,1.09221
1.09222,1.09757,1.0919,1.09704
1.09704,1.09836,1.09542,1.09644
1.09643,1.09867,1.09634,1.09773
1.09782,1.099,1.09762,1.09858
1.09858,1.09872,1.09729,1.09747
1.09747,1.09757,1.09194,1.09315
1.09314,1.09381,1.08553,1.08595
1.08591,1.09298,1.08579,1.09159
1.09155,1.09379,1.09082,1.09082
1.0905,1.09106,1.08808,1.08853
1.08857,1.08913,1.08638,1.08781
1.08782,1.0904,1.08635,1.08869
1.08871,1.08999,1.08517,1.0889
1.0889,1.08943,1.08162,1.08333
1.08334,1.08512,1.08297,1.08385
1.08354,1.08674,1.0832,1.08626
1.08625,1.08785,1.08615,1.08709
1.08708,1.08726,1.08171,1.08289
1.08289,1.08732,1.08117,1.08645
1.08647,1.08928,1.08584,1.08664
1.08663,1.08843,1.08633,1.08706
1.08657,1.0877,1.08555,1.08596
1.08596,1.0871,1.0857,1.08698
1.087,1.08783,1.08398,1.08774
1.08769,1.08953,1.08483,1.08613
1.08614,1.08858,1.08486,1.08699
1.08697,1.08723,1.08541,1.08609
1.08582,1.08692,1.08524,1.08547
1.0855,1.08581,1.08244,1.08318
1.08315,1.08457,1.08188,1.08349
1.08357,1.08519,1.08221,1.08286
1.08286,1.08792,1.08156,1.08434
1.08434,1.08651,1.08408,1.08555
1.08547,1.08617,1.08484,1.08543
1.08544,1.08604,1.08442,1.08456
1.08458,1.08729,1.08447,1.0859
1.08589,1.08849,1.08566,1.08681
1.0868,1.08712,1.08088,1.08145
1.08145,1.08246,1.0802,1.08217
1.08212,1.08232,1.08036,1.08101
1.08101,1.08208,1.0807,1.08144
1.08145,1.08334,1.07831,1.07949
1.07951,1.07983,1.0755,1.07875
1.07875,1.08458,1.07798,1.08129
1.0813,1.08136,1.07608,1.0775
1.0775,1.07837,1.07605,1.07652
1.07651,1.07737,1.07624,1.07708
1.07705,1.07705,1.07258,1.07549
1.07552,1.08094,1.07484,1.08023
1.08022,1.08188,1.07835,1.07875
1.07875,1.08279,1.07838,1.08185
1.08205,1.08222,1.08105,1.08176
1.08176,1.08427,1.08166,1.08379
1.08381,1.08588,1.08325,1.08495
1.08494,1.08599,1.0833,1.08505
1.08505,1.0857,1.08153,1.08205
1.08204,1.08333,1.08196,1.08276
1.0827,1.08351,1.08188,1.08322
1.08321,1.08335,1.0816,1.08209
1.08209,1.08573,1.08086,1.08495
1.08494,1.08885,1.08433,1.08701
1.08701,1.08746,1.08236,1.08308
1.08309,1.0839,1.08165,1.08173
1.08176,1.08413,1.08158,1.08406
1.08407,1.08537,1.08381,1.08487
1.0849,1.08735,1.08383,1.08655
1.08655,1.08722,1.08386,1.08563
1.08563,1.08674,1.08418,1.08469
1.08469,1.08849,1.08463,1.0869
1.08717,1.08806,1.08507,1.08582
1.08582,1.0871,1.0854,1.08591
1.08594,1.0891,1.08526,1.08852
1.08849,1.08878,1.08583,1.08753
1.08755,1.09723,1.08319,1.09372
1.09371,1.09636,1.09358,1.09514
1.095,1.09554,1.09345,1.09464
1.09465,1.09493,1.09367,1.09487
1.09486,1.0979,1.09435,1.09761
1.09762,1.09896,1.09703,1.09803
1.09802,1.10177,1.09714,1.09871
1.09873,1.09884,1.09726,1.09787
1.0968,1.09737,1.09453,1.09463
1.09465,1.09543,1.09338,1.09349
1.09349,1.09478,1.09221,1.09438
1.09437,1.0944,1.09242,1.09335
1.09335,1.09366,1.08941,1.08981
1.08981,1.0908,1.08938,1.09012
1.09012,1.09117,1.08978,1.0909
1.0909,1.09145,1.08981,1.09052
1.09054,1.09243,1.08398,1.08439
1.08439,1.08551,1.0824,1.08398
1.08399,1.08856,1.08323,1.08386
1.08388,1.08561,1.08321,1.08378
1.08362,1.08457,1.08329,1.08355
1.08355,1.08405,1.08306,1.08392
1.08392,1.08394,1.07896,1.08002
1.08003,1.08178,1.07798,1.08108
1.08108,1.0825,1.07882,1.08056
1.08061,1.08114,1.07885,1.07923
1.07888,1.08008,1.07848,1.07924
1.07924,1.08029,1.07916,1.07971
1.07972,1.08144,1.07841,1.0791
1.07912,1.07995,1.07743,1.07924
1.07924,1.08167,1.07646,1.08109
1.08109,1.08323,1.08102,1.08303
1.08316,1.08482,1.08197,1.08464
1.08466,1.08535,1.08403,1.08419
1.08417,1.08448,1.08178,1.08329
1.0833,1.08505,1.08234,1.08343
1.08346,1.08741,1.08134,1.08452
1.08444,1.08518,1.08308,1.08348
1.08249,1.08444,1.08212,1.0844
1.08441,1.0849,1.08396,1.08451
1.08451,1.08459,1.08069,1.08158
1.08151,1.08281,1.08082,1.08184
1.08186,1.08422,1.08009,1.08064
1.08062,1.08155,1.07983,1.08042
1.08021,1.08089,1.07827,1.07908
1.07908,1.08071,1.07861,1.08027
1.08027,1.0826,1.07982,1.08185
1.08186,1.08633,1.08108,1.08586
1.08586,1.08846,1.08469,1.08499
1.085,1.0857,1.08454,1.08456
1.08454,1.08558,1.08435,1.08535
1.08539,1.08554,1.08425,1.08481
1.0848,1.08543,1.08292,1.08409
1.08408,1.08798,1.08332,1.0878
1.0878,1.08949,1.08184,1.08212
1.08212,1.08228,1.08105,1.08165
1.08167,1.08231,1.08143,1.08206
1.08205,1.08209,1.0804,1.08083
1.08081,1.08193,1.07945,1.08092
1.08091,1.08119,1.07735,1.07876
1.07876,1.08153,1.078,1.07817
1.07819,1.08039,1.0779,1.08029
1.08033,1.08071,1.07986,1.08044
1.08048,1.08061,1.07976,1.08046
1.08046,1.08183,1.07919,1.08104
1.08102,1.08388,1.07876,1.08287
1.08287,1.08502,1.08026,1.08058
1.08061,1.08198,1.08037,1.08175
1.08094,1.08225,1.08039,1.0816
1.0816,1.08261,1.08134,1.08196
1.08196,1.08277,1.08011,1.08086
1.08085,1.08431,1.07987,1.08369
1.08371,1.09202,1.08359,1.09095
1.09095,1.09274,1.09054,1.09124
1.09161,1.09243,1.0911,1.09195
1.09196,1.09206,1.09028,1.09101
1.09101,1.0954,1.0908,1.0952
1.09515,1.09766,1.09424,1.0951
1.09512,1.09512,1.09246,1.09296
1.09298,1.09544,1.09187,1.09223
1.09233,1.09399,1.09188,1.09386
1.09385,1.09474,1.09363,1.09415
1.09415,1.09605,1.09381,1.09425
1.09427,1.09672,1.09384,1.09657
1.09658,1.09996,1.09626,1.09762
1.09764,1.09928,1.09737,1.09783
1.09768,1.09825,1.09687,1.09692
1.09691,1.09695,1.09571,1.09613
1.09612,1.09793,1.09526,1.09727
1.09729,1.1009,1.09609,1.0996
1.09958,1.09958,1.09373,1.09551
1.09553,1.09689,1.0942,1.09476
1.09495,1.0954,1.09454,1.09482
1.09482,1.09519,1.09273,1.09298
1.09296,1.09323,1.08953,1.08988
1.08987,1.09125,1.08863,1.08976
1.08975,1.0904,1.08847,1.08874
1.08874,1.09052,1.08871,1.08987
1.08948,1.0908,1.08928,1.09011
1.09012,1.09019,1.08865,1.08899
1.08901,1.08926,1.08695,1.08885
1.08885,1.09142,1.08877,1.09043
1.09042,1.09102,1.0889,1.08929
1.0893,1.08991,1.08916,1.0894
1.0894,1.09098,1.08904,1.09094
1.09097,1.09221,1.09077,1.09194
1.09192,1.09599,1.09148,1.09578
1.09576,1.09805,1.09521,1.0971
1.09712,1.09923,1.09644,1.09771
1.09772,1.09966,1.0971,1.09824
1.09823,1.09859,1.09686,1.09708
1.09708,1.09758,1.09541,1.09557
1.09554,1.09796,1.09516,1.0957
1.09567,1.10311,1.09339,1.09983
1.09983,1.10168,1.09552,1.09751
1.0975,1.10099,1.09686,1.10069
1.10096,1.10273,1.10012,1.10238
1.10238,1.10357,1.10062,1.10085
1.10086,1.1031,1.09917,1.09992
1.09992,1.10298,1.09925,1.10218
1.10216,1.10835,1.10216,1.10827
1.10828,1.10943,1.10675,1.10772
1.10769,1.10821,1.10685,1.10772
1.10771,1.1101,1.10748,1.11001
1.11003,1.11205,1.109,1.11176
1.11175,1.11459,1.11134,1.11305
1.11304,1.11336,1.10903,1.10985
1.10981,1.11086,1.10815,1.11031
1.11156,1.11267,1.11032,1.11223
1.11223,1.1141,1.11171,1.11341
1.1134,1.11546,1.11166,1.11403
1.11405,1.11419,1.11011,1.11106
1.11107,1.11408,1.1104,1.11304
1.11304,1.1137,1.11229,1.11359
1.11362,1.1139,1.11246,1.11326
1.11327,1.11337,1.11197,1.11264
1.11264,1.1172,1.11156,1.1171
1.11708,1.11883,1.11552,1.11653
1.11651,1.11965,1.11638,1.11745
1.11748,1.11819,1.11616,1.11686
1.11698,1.12019,1.11673,1.11935
1.11935,1.12118,1.11834,1.1204
1.12038,1.12282,1.11916,1.12115
1.12111,1.12275,1.11844,1.11919
1.1192,1.12519,1.1187,1.12372
1.12372,1.12582,1.12324,1.12338
1.12332,1.12381,1.12142,1.12228
1.12229,1.12253,1.12118,1.12162
1.1216,1.12217,1.11952,1.12072
1.12071,1.12727,1.11957,1.12379
1.12376,1.13627,1.12268,1.13297
1.13298,1.13626,1.13266,1.1337
1.13375,1.13452,1.13317,1.13333
1.13333,1.13558,1.13266,1.13476
1.13471,1.13844,1.13268,1.1333
1.1333,1.13442,1.12826,1.12959
1.12962,1.13244,1.1283,1.1291
1.12909,1.12999,1.12784,1.12908
1.12933,1.13203,1.12932,1.12981
1.12981,1.12999,1.12853,1.12892
1.12891,1.13162,1.12814,1.13007
1.13007,1.1307,1.12687,1.12945
1.12945,1.13189,1.12857,1.12915
1.12917,1.13091,1.12897,1.12921
1.12924,1.13157,1.12896,1.13047
1.13048,1.13051,1.12844,1.12859
1.12858,1.12965,1.12411,1.12619
1.12621,1.13027,1.12555,1.13
1.13,1.13646,1.12973,1.13434
1.1343,1.13488,1.13315,1.134
1.1337,1.13455,1.13309,1.13401
1.13402,1.13468,1.13384,1.13435
1.13434,1.13762,1.13421,1.13696
1.13697,1.13901,1.13489,1.13808
1.1381,1.13861,1.13426,1.13516
1.13522,1.14226,1.13225,1.13733
1.13732,1.13892,1.13644,1.1387
1.13872,1.13957,1.13439,1.13513
1.13513,1.13913,1.13252,1.13902
1.13901,1.14015,1.13363,1.13571
1.13572,1.14039,1.13508,1.13623
1.1362,1.13621,1.12886,1.12983
1.12938,1.13006,1.12805,1.12825
1.12824,1.12978,1.12763,1.12967
1.12969,1.13409,1.12932,1.13256
1.13258,1.13281,1.12929,1.13054
1.13056,1.13235,1.12336,1.12368
1.12371,1.1262,1.12126,1.1255
1.12335,1.12615,1.12266,1.12463
1.12466,1.12687,1.12441,1.1261
1.12611,1.12678,1.12269,1.1267
1.12669,1.1268,1.12408,1.1248
1.12481,1.12942,1.12443,1.12859
1.12858,1.13328,1.12825,1.13235
1.13252,1.13405,1.13193,1.13342
1.13342,1.13492,1.13282,1.13335
1.13336,1.13539,1.13155,1.13367
1.13367,1.13418,1.12949,1.13024
1.13026,1.13034,1.1228,1.12687
1.12686,1.12728,1.12569,1.12631
1.12634,1.12734,1.12536,1.12677
1.12677,1.12732,1.12552,1.12716
1.12714,1.12943,1.12509,1.12579
1.12579,1.12605,1.12224,1.12373
1.12373,1.12487,1.12068,1.12311
1.12311,1.12461,1.12288,1.12437
1.12409,1.12503,1.12381,1.12417
1.12418,1.12618,1.12254,1.12556
1.12556,1.12604,1.12303,1.12495
1.12498,1.12619,1.12144,1.12277
1.12277,1.12328,1.11925,1.11935
1.11935,1.1213,1.11856,1.12055
1.12012,1.12134,1.11974,1.12039
1.12039,1.12164,1.11992,1.12134
1.12136,1.1222,1.12037,1.12163
1.12164,1.12545,1.11946,1.12385
1.12386,1.12427,1.11681,1.11927
1.11928,1.1194,1.11719,1.11766
1.11826,1.11871,1.11683,1.11801
1.11801,1.12041,1.11801,1.12034
1.12031,1.12255,1.11882,1.12248
1.12248,1.1227,1.12034,1.12212
1.12214,1.12704,1.12214,1.12617
1.12617,1.12668,1.12535,1.12606
1.1257,1.1282,1.12569,1.12678
1.12679,1.12768,1.12337,1.12624
1.12623,1.13064,1.12572,1.12909
1.1291,1.13339,1.1283,1.13305
1.1331,1.13494,1.13078,1.13094
1.13095,1.13218,1.13024,1.13082
1.13081,1.1323,1.13077,1.13183
1.13184,1.13266,1.13098,1.13152
1.13153,1.13258,1.12874,1.13019
1.13021,1.13115,1.12693,1.12741
1.12738,1.12828,1.12574,1.12787
1.12786,1.12811,1.12482,1.12502
1.12503,1.12585,1.1246,1.1256
1.12562,1.12598,1.124,1.12486
1.1249,1.12534,1.12235,1.12293
1.12294,1.12342,1.11894,1.12106
1.12103,1.1231,1.12023,1.12274
1.12272,1.12303,1.12138,1.12165
1.12145,1.12236,1.12078,1.12155
1.12155,1.12263,1.12138,1.12237
1.12237,1.12395,1.12046,1.12394
1.1239,1.1239,1.12065,1.12186
1.1219,1.1235,1.11946,1.12296
1.12295,1.12384,1.12158,1.12158
1.12203,1.12297,1.12155,1.12297
1.12298,1.12473,1.12292,1.12422
1.12421,1.12673,1.12408,1.12546
1.12545,1.12885,1.12498,1.12866
1.12867,1.12873,1.12249,1.12278
1.12276,1.12428,1.12197,1.12411
1.12417,1.12522,1.12319,1.12382
1.12384,1.12499,1.12365,1.12388
1.12388,1.12405,1.12042,1.12191
1.12191,1.122,1.11905,1.12092
1.1209,1.12622,1.12034,1.12435
1.12437,1.12522,1.12265,1.1234
1.12331,1.12368,1.12281,1.12312
1.12312,1.12411,1.12155,1.12182
1.12189,1.12451,1.1216,1.12314
1.12317,1.12342,1.11847,1.12178
1.12176,1.12757,1.12136,1.12649
1.12649,1.12675,1.12438,1.12506
1.12491,1.12552,1.1248,1.12523
1.12521,1.12674,1.12493,1.12655
1.12657,1.13033,1.12621,1.12978
1.12975,1.12991,1.1264,1.12646
1.12647,1.12823,1.12235,1.12286
1.12288,1.12415,1.1227,1.12392
1.12365,1.12425,1.12332,1.12402
1.12407,1.12496,1.12285,1.12294
1.12294,1.12471,1.12243,1.1234
1.12338,1.12374,1.12193,1.12296
1.12297,1.12484,1.12259,1.12419
1.1242,1.12514,1.12359,1.12437
1.12437,1.12676,1.12408,1.12645
1.12648,1.1293,1.12618,1.12922
1.12921,1.1303,1.12816,1.12905
1.12905,1.13301,1.1283,1.133
1.133,1.13457,1.13028,1.1307
1.13071,1.13194,1.1306,1.13094
1.13066,1.13329,1.13047,1.13269
1.13268,1.13286,1.13071,1.13124
1.1312,1.13167,1.12634,1.12649
1.12649,1.13008,1.1259,1.12982
1.12986,1.13075,1.12718,1.12905
1.12906,1.12987,1.12689,1.12731
1.1274,1.1283,1.12654,1.12694
1.12695,1.1281,1.12687,1.12767
1.12769,1.12945,1.12626,1.12793
1.12791,1.12957,1.12662,1.12885
1.12886,1.13525,1.12878,1.13367
1.13367,1.13429,1.13284,1.13303
1.13273,1.13476,1.13269,1.13346
1.13344,1.13715,1.13285,1.13658
1.13651,1.13685,1.13261,1.13299
1.13301,1.13494,1.13166,1.13444
1.13444,1.1349,1.12857,1.1291
1.1291,1.12975,1.12804,1.12848
1.12833,1.12906,1.1271,1.12752
1.12752,1.12784,1.12676,1.12705
1.12705,1.12912,1.12538,1.12855
1.12857,1.1301,1.12738,1.12933
1.12935,1.13254,1.12935,1.13002
1.13002,1.13067,1.12949,1.12994
1.1305,1.13179,1.13034,1.13149
1.13149,1.13311,1.13146,1.13232
1.13234,1.13369,1.13013,1.13092
1.13093,1.1339,1.13046,1.13261
1.13261,1.13758,1.13257,1.13684
1.13681,1.13756,1.13421,1.13436
1.13441,1.13511,1.13406,1.13457
1.13457,1.13493,1.13359,1.13456
1.13456,1.1359,1.13256,1.13513
1.13515,1.13819,1.1348,1.13727
1.13725,1.14097,1.1362,1.14043
1.14043,1.14064,1.13879,1.14004
1.1397,1.14242,1.13922,1.14139
1.1414,1.14222,1.13951,1.13962
1.13962,1.14454,1.13921,1.14381
1.14379,1.14487,1.14266,1.14362
1.14363,1.1453,1.14024,1.14082
1.14081,1.14136,1.14037,1.14126
1.14077,1.14195,1.14077,1.14155
1.14155,1.14177,1.14013,1.1407
1.1407,1.14164,1.13865,1.13935
1.13938,1.14256,1.13789,1.14119
1.14118,1.14426,1.14002,1.14101
1.14101,1.14109,1.13711,1.1384
1.13835,1.13939,1.13754,1.13857
1.13857,1.13942,1.13781,1.13878
1.13879,1.14182,1.13784,1.14168
1.14168,1.1431,1.14102,1.14197
1.14199,1.14435,1.1417,1.1436
1.14365,1.14446,1.14232,1.14283
1.14124,1.14468,1.14104,1.14233
1.14231,1.1442,1.14136,1.14416
1.14436,1.14686,1.14367,1.14586
1.14585,1.14652,1.14164,1.14192
1.14192,1.14496,1.14029,1.14395
1.14395,1.14499,1.14344,1.14483
1.14457,1.1465,1.14416,1.14564
1.14565,1.14704,1.14237,1.14315
1.14309,1.14677,1.14286,1.14441
1.14439,1.1461,1.14307,1.14393
1.14395,1.15185,1.14257,1.15172
1.15173,1.15409,1.15137,1.15276
1.15283,1.15433,1.15225,1.15321
1.1532,1.15481,1.15304,1.154
1.15397,1.15466,1.15073,1.15231
1.15231,1.16011,1.15175,1.15967
1.15969,1.16019,1.15715,1.1578
1.1578,1.15828,1.15636,1.157
1.15765,1.15775,1.15651,1.15683
1.15683,1.15845,1.15651,1.15812
1.1581,1.15989,1.15712,1.15894
1.15895,1.15953,1.15423,1.15429
1.15422,1.16274,1.15408,1.16211
1.16213,1.16252,1.15897,1.15967
1.15949,1.16172,1.1592,1.16148
1.16146,1.16218,1.15958,1.15989
1.15987,1.16221,1.15908,1.16009
1.16009,1.16182,1.15817,1.16153
1.16151,1.16393,1.15986,1.16359
1.16356,1.16587,1.16348,1.1656
1.16449,1.16993,1.16419,1.16898
1.16899,1.17259,1.16864,1.17064
1.17062,1.1718,1.16904,1.16964
1.16964,1.17652,1.16827,1.17401
1.17401,1.17823,1.17288,1.17458
1.17458,1.17659,1.17434,1.17526
1.17524,1.17739,1.17447,1.17672
1.17673,1.17749,1.1715,1.17319
1.1732,1.17413,1.16989,1.17216
1.17216,1.17438,1.17006,1.17335
1.17334,1.17425,1.17087,1.17354
1.17354,1.17376,1.17125,1.17166
1.17141,1.17261,1.17138,1.17222
1.17219,1.17345,1.17156,1.17302
1.17299,1.17704,1.17252,1.17513
1.17511,1.1755,1.17188,1.17442
1.17442,1.1779,1.17422,1.17741
1.17744,1.18067,1.17541,1.17911
1.17887,1.17937,1.1773,1.178
1.17801,1.17857,1.17663,1.1769
1.1769,1.17698,1.17406,1.17425
1.17427,1.17792,1.1731,1.17772
1.17777,1.18101,1.1774,1.18041
1.18041,1.1849,1.18026,1.18475
1.18471,1.18894,1.18371,1.18668
1.1867,1.19058,1.18626,1.18985
1.18984,1.19096,1.18529,1.1858
1.18573,1.18626,1.18275,1.18441
1.18442,1.1851,1.17618,1.17914
1.17913,1.18054,1.17692,1.17766
1.17709,1.17968,1.17404,1.17533
1.17536,1.17822,1.1745,1.17758
1.1775,1.17849,1.17489,1.1779
1.17787,1.17796,1.17059,1.17075
1.17074,1.17518,1.16955,1.17491
1.1749,1.17679,1.1747,1.17619
1.17624,1.17657,1.17521,1.17537
1.17539,1.17745,1.17536,1.17738
1.17738,1.18026,1.17635,1.17926
1.17928,1.18055,1.1722,1.17284
1.17284,1.17774,1.17212,1.17773
1.17773,1.18028,1.17745,1.18027
1.17955,1.1815,1.17928,1.18093
1.18095,1.18216,1.1805,1.18168
1.18168,1.18413,1.17991,1.18406
1.18406,1.18809,1.18314,1.18778
1.1878,1.19048,1.18627,1.1873
1.1873,1.18787,1.18544,1.18629
1.18589,1.18858,1.18589,1.18785
1.18785,1.18838,1.18628,1.18793
1.18788,1.19158,1.18379,1.18425
1.18427,1.18703,1.18316,1.18488
1.18476,1.18904,1.18178,1.188
1.18799,1.18936,1.1863,1.18768
1.18762,1.18831,1.18695,1.18742
1.18742,1.18742,1.18197,1.18353
1.1835,1.18506,1.18208,1.18327
1.18328,1.18455,1.1801,1.18313
1.18313,1.18329,1.17551,1.17691
1.17691,1.17886,1.17663,1.17857
1.1788,1.17953,1.17731,1.17939
1.17938,1.17983,1.17898,1.17911
1.17911,1.18006,1.1752,1.17724
1.17728,1.17753,1.17404,1.1767
1.17669,1.17916,1.17466,1.17535
1.17537,1.17566,1.17358,1.17371
1.17359,1.17429,1.1722,1.17248
1.17247,1.17549,1.17232,1.17521
1.1752,1.17743,1.17226,1.17722
1.17719,1.18073,1.17713,1.17974
1.17974,1.17974,1.17566,1.17713
1.17716,1.17716,1.17281,1.17395
1.17461,1.17461,1.1726,1.17341
1.17342,1.17412,1.17111,1.17143
1.17142,1.17603,1.17123,1.17477
1.17477,1.17955,1.17443,1.17905
1.17909,1.18166,1.17719,1.17914
1.17911,1.17971,1.17823,1.17831
1.17813,1.18106,1.17775,1.18066
1.18065,1.18171,1.18006,1.18011
1.18005,1.1841,1.18005,1.18384
1.18383,1.18531,1.18229,1.18481
1.18481,1.1864,1.18128,1.18173
1.18174,1.18209,1.17936,1.18126
1.18125,1.18207,1.18072,1.18096
1.18097,1.18185,1.18017,1.18131
1.18131,1.18264,1.17908,1.18162
1.18162,1.18299,1.17815,1.18182
1.1818,1.18486,1.18102,1.1845
1.18449,1.18504,1.18339,1.18414
1.1839,1.18536,1.18238,1.1848
1.18481,1.1868,1.18439,1.1857
1.18571,1.18685,1.18292,1.18384
1.18384,1.18642,1.18343,1.18576
1.18578,1.18813,1.18517,1.18683
1.18684,1.18744,1.18606,1.18702
1.18684,1.18924,1.18644,1.18911
1.1891,1.18973,1.18838,1.18924
1.18923,1.19157,1.18831,1.19112
1.19109,1.19456,1.18977,1.19375
1.19378,1.19665,1.19188,1.19369
1.19369,1.19394,1.19289,1.19315
1.19288,1.19526,1.1927,1.19484
1.19485,1.19537,1.19286,1.19319
1.19314,1.19483,1.19228,1.19413
1.19413,1.19516,1.19262,1.19316
1.19312,1.19497,1.18659,1.18776
1.18778,1.18939,1.18302,1.18357
1.18344,1.1853,1.18344,1.18445
1.18445,1.1853,1.18309,1.18472
1.1847,1.18681,1.18114,1.18361
1.1836,1.18559,1.1821,1.18307
1.18312,1.18656,1.18018,1.18543
1.18544,1.18633,1.1849,1.18602
1.18595,1.18773,1.18561,1.18748
1.18747,1.18784,1.18631,1.18773
1.1877,1.18834,1.17988,1.18122
1.18122,1.18178,1.17594,1.17841
1.17842,1.17868,1.17531,1.17717
1.17714,1.17981,1.17689,1.17954
1.17921,1.18067,1.17875,1.1795
1.17949,1.18065,1.17848,1.17945
1.17947,1.18254,1.1791,1.18226
1.18225,1.18502,1.1822,1.18429
1.18431,1.18456,1.17915,1.17997
1.17996,1.18058,1.17841,1.17873
1.17862,1.18003,1.1784,1.17984
1.17984,1.18149,1.17963,1.18105
1.18104,1.18352,1.17981,1.18242
1.18241,1.18429,1.18042,1.18169
1.1817,1.18441,1.18054,1.18124
1.18125,1.18378,1.18116,1.18344
1.18343,1.18396,1.18281,1.18292
1.18293,1.18354,1.18103,1.18124
1.18122,1.18251,1.18002,1.18139
1.18141,1.18253,1.17716,1.17876
1.17877,1.18359,1.17804,1.18328
1.18329,1.18395,1.18153,1.18297
1.18284,1.18456,1.1828,1.18399
1.18401,1.18504,1.18248,1.18332
1.18333,1.18403,1.18168,1.18345
1.18344,1.18408,1.17939,1.1833
1.18332,1.1902,1.17619,1.17975
1.17972,1.1835,1.1793,1.18217
1.18195,1.1825,1.18113,1.18173
1.18174,1.18752,1.1815,1.18741
1.18743,1.19187,1.18615,1.19101
1.19101,1.19207,1.18755,1.18864
1.18861,1.19116,1.1868,1.1889
1.1889,1.19071,1.18842,1.19049
1.19001,1.19302,1.18978,1.19085
1.19085,1.19179,1.18974,1.19017
1.19014,1.19124,1.18846,1.19084
1.19083,1.19412,1.19081,1.19348
1.1935,1.19668,1.19221,1.19451
1.19449,1.19509,1.19264,1.19368
1.19329,1.1949,1.19287,1.19419
1.1942,1.19982,1.1942,1.19884
1.19886,1.19977,1.19624,1.19741
1.19741,1.19964,1.19645,1.19897
1.19898,1.2012,1.19324,1.19349
1.19347,1.19347,1.19011,1.19116
1.19093,1.19288,1.19061,1.19072
1.19071,1.19087,1.18913,1.19044
1.19043,1.19126,1.18512,1.1856
1.1856,1.18764,1.18442,1.1858
1.18581,1.18592,1.18209,1.18466
1.18467,1.18564,1.18219,1.18533
1.18504,1.1854,1.18287,1.183
1.18301,1.18353,1.18032,1.18088
1.18088,1.18345,1.17872,1.18313
1.18311,1.18398,1.18004,1.1831
1.18309,1.18477,1.18095,1.18321
1.18324,1.18644,1.18307,1.18515
1.18467,1.18579,1.18388,1.18526
1.18527,1.18579,1.18403,1.18511
1.1851,1.18647,1.18325,1.18584
1.18585,1.18623,1.18009,1.18105
1.18107,1.1836,1.178,1.18347
1.18349,1.18551,1.18317,1.18378
1.18454,1.18485,1.18312,1.18361
1.18361,1.18411,1.18295,1.18333
1.1833,1.18484,1.18236,1.1832
1.18321,1.18366,1.1812,1.18219
1.18218,1.18319,1.18142,1.18154
1.18156,1.18188,1.18097,1.18138
1.1812,1.18208,1.18042,1.1806
1.1806,1.18102,1.17942,1.18101
1.18101,1.18267,1.17966,1.18078
1.18079,1.18145,1.17766,1.17997
1.17996,1.18052,1.17645,1.17953
1.17953,1.17977,1.17715,1.17748
1.17728,1.17777,1.17562,1.17747
1.17745,1.17817,1.17662,1.17773
1.17774,1.17863,1.17596,1.17623
1.17623,1.18184,1.17516,1.17985
1.17983,1.18339,1.17916,1.18034
1.18035,1.18111,1.17988,1.18026
1.17986,1.18148,1.17984,1.18102
1.18105,1.18248,1.18073,1.18189
1.18189,1.18405,1.18163,1.18348
1.18346,1.19032,1.18294,1.18886
1.18886,1.19182,1.18486,1.18581
1.18579,1.18649,1.18096,1.18142
1.18131,1.18365,1.18093,1.18346
1.18348,1.18401,1.18296,1.18346
1.18347,1.186,1.18276,1.18567
1.18571,1.18745,1.18349,1.18468
1.18469,1.18576,1.18279,1.18375
1.18375,1.18479,1.18261,1.18465
1.18336,1.18476,1.1832,1.18347
1.18346,1.18512,1.18337,1.18474
1.18472,1.18692,1.18423,1.18569
1.18564,1.18846,1.18497,1.18781
1.18783,1.18885,1.18651,1.18674
1.18674,1.18708,1.186,1.18633
1.18623,1.18708,1.18592,1.18691
1.18693,1.18955,1.18646,1.18946
1.18945,1.19004,1.18764,1.18822
1.18818,1.19011,1.18689,1.18756
1.18755,1.18823,1.18386,1.18527
1.18529,1.1855,1.18443,1.18463
1.18464,1.18529,1.18283,1.18338
1.18338,1.18483,1.18282,1.18468
1.1847,1.18733,1.18403,1.18663
1.18663,1.1883,1.1846,1.18581
1.18581,1.18691,1.1809,1.18331
1.18331,1.18542,1.17874,1.18148
1.18139,1.18192,1.1768,1.17766
1.17765,1.17899,1.17365,1.17578
1.17577,1.18122,1.17543,1.18039
1.18039,1.18127,1.17831,1.18084
1.18085,1.1828,1.17937,1.18225
1.18225,1.18529,1.18218,1.18482
1.18477,1.18627,1.18425,1.18548
1.18545,1.18625,1.1844,1.18493
1.18492,1.18697,1.18411,1.18599
1.18593,1.18647,1.18311,1.1845
1.18454,1.18711,1.18268,1.18664
1.18667,1.18683,1.18362,1.18394
1.18413,1.18616,1.18404,1.18601
1.18603,1.18725,1.18555,1.18675
1.18674,1.1871,1.17902,1.18003
1.18001,1.18001,1.1762,1.17687
1.17687,1.1779,1.17301,1.17391
1.17389,1.17735,1.17345,1.17691
1.17631,1.17724,1.17547,1.17672
1.17672,1.17706,1.17518,1.17676
1.17677,1.17677,1.1719,1.17435
1.17435,1.17664,1.17323,1.17495
1.17495,1.17594,1.16904,1.17028
1.17028,1.17153,1.17011,1.17061
1.17052,1.17094,1.16765,1.16791
1.16791,1.16911,1.16732,1.1677
1.16771,1.17036,1.16703,1.17029
1.17026,1.17178,1.16841,1.16902
1.16903,1.17031,1.16628,1.16798
1.16798,1.16836,1.16498,1.16577
1.16583,1.16718,1.16503,1.16717
1.16716,1.16784,1.1651,1.16512
1.16513,1.16722,1.16427,1.16552
1.1655,1.1658,1.16249,1.1638
1.16377,1.16676,1.16288,1.16606
1.16606,1.1686,1.16595,1.16666
1.16717,1.16763,1.16632,1.16669
1.16669,1.16735,1.16609,1.16665
1.16664,1.1684,1.16504,1.16547
1.16547,1.16548,1.16262,1.16357
1.16357,1.16383,1.16108,1.16181
1.16182,1.16339,1.16142,1.16297
1.16224,1.16367,1.1614,1.16151
1.16151,1.16391,1.16151,1.16301
1.163,1.16445,1.16213,1.16398
1.16398,1.16783,1.16365,1.16636
1.16636,1.16807,1.16426,1.16563
1.16563,1.16716,1.16539,1.16664
1.16606,1.16843,1.16606,1.16775
1.16775,1.16795,1.16676,1.16766
1.16766,1.16869,1.16655,1.1684
1.16839,1.17156,1.16817,1.17044
1.17048,1.17453,1.16963,1.17388
1.17389,1.17469,1.17334,1.17443
1.17443,1.175,1.17377,1.17395
1.17395,1.17567,1.17294,1.17362
1.1736,1.17444,1.17078,1.17112
1.17111,1.17192,1.1695,1.171
1.171,1.1752,1.16843,1.17216
1.17216,1.17282,1.17098,1.17192
1.17189,1.17321,1.17174,1.17184
1.17184,1.17488,1.17175,1.17475
1.17475,1.17581,1.17224,1.17246
1.17243,1.17701,1.17239,1.17553
1.17553,1.17598,1.17212,1.17448
1.17448,1.17509,1.17351,1.17417
1.17429,1.17479,1.17336,1.17347
1.17347,1.17367,1.17027,1.17051
1.17051,1.17416,1.1695,1.17125
1.17126,1.17334,1.16981,1.1708
1.17078,1.17242,1.16993,1.17173
1.17173,1.1721,1.17092,1.17158
1.17104,1.17289,1.17051,1.17253
1.17253,1.17361,1.17215,1.17325
1.17325,1.17504,1.17201,1.17497
1.17497,1.17704,1.1747,1.17648
1.17651,1.17987,1.17651,1.17876
1.17877,1.17889,1.17727,1.17837
1.17819,1.17941,1.17785,1.17918
1.17918,1.17997,1.17872,1.17897
1.17897,1.18014,1.17664,1.17787
1.17787,1.18089,1.1774,1.17924
1.17924,1.18039,1.1774,1.17821
1.17821,1.17911,1.17316,1.17321
1.17328,1.17402,1.17301,1.1735
1.17349,1.17349,1.17243,1.17331
1.1733,1.17675,1.17292,1.1758
1.17583,1.17825,1.17498,1.17791
1.1779,1.17796,1.17583,1.17723
1.17722,1.17756,1.17583,1.17585
1.17591,1.17709,1.17584,1.17655
1.17654,1.17722,1.17599,1.17689
1.1769,1.17824,1.17562,1.17611
1.17611,1.17694,1.17524,1.17559
1.17556,1.17578,1.17326,1.17547
1.17548,1.17621,1.17518,1.17595
1.1757,1.17677,1.17528,1.17612
1.17612,1.17814,1.17605,1.17761
1.17761,1.18049,1.17675,1.18028
1.18028,1.1811,1.17923,1.18095
1.18095,1.18295,1.18022,1.18244
1.18244,1.18323,1.18193,1.18307
1.18099,1.1825,1.18099,1.18143
1.18141,1.18232,1.18099,1.18197
1.18197,1.1828,1.18071,1.18123
1.18126,1.18151,1.17876,1.18101
1.18101,1.18172,1.18028,1.18114
1.18114,1.18179,1.18054,1.18118
1.1812,1.18166,1.17945,1.18003
1.18003,1.18059,1.17909,1.17984
1.17983,1.18033,1.17774,1.17933
1.17933,1.17985,1.1783,1.17907
1.17907,1.17907,1.17293,1.17332
1.17332,1.17483,1.17296,1.17411
1.17418,1.17498,1.17368,1.17443
1.17444,1.17462,1.17338,1.17416
1.17416,1.17523,1.17272,1.17389
1.17389,1.17683,1.17177,1.17603
1.17606,1.17704,1.17446,1.17505
1.17504,1.17563,1.17428,1.17436
1.17431,1.17503,1.17394,1.17468
1.17468,1.17551,1.17421,1.17511
1.17511,1.17568,1.17018,1.17051
1.17051,1.1724,1.1691,1.16981
1.16981,1.17054,1.16867,1.16955
1.16955,1.17082,1.16909,1.17041
1.1706,1.17107,1.16989,1.17102
1.17103,1.17137,1.17002,1.17011
1.17012,1.17184,1.16922,1.17029
1.17029,1.17457,1.17007,1.1733
1.17329,1.17394,1.17131,1.17185
1.17183,1.17221,1.17091,1.17091
1.17159,1.17228,1.17104,1.17228
1.17228,1.17243,1.1703,1.17047
1.17047,1.17419,1.17022,1.17378
1.17381,1.17899,1.17376,1.17784
1.17785,1.17951,1.1774,1.1783
1.1783,1.17866,1.17654,1.17694
1.17671,1.1777,1.17646,1.17757
1.17757,1.17789,1.17651,1.17778
1.17779,1.17943,1.17607,1.1783
1.1783,1.18192,1.1782,1.181
1.181,1.18423,1.18087,1.18279
1.18279,1.18376,1.18205,1.18221
1.18224,1.18364,1.18215,1.1835
1.18347,1.18515,1.18317,1.18492
1.18492,1.18722,1.18447,1.18522
1.18522,1.1868,1.18434,1.18646
1.18648,1.18826,1.1846,1.18752
1.18751,1.18788,1.18552,1.18552
1.1859,1.18669,1.18444,1.18475
1.18475,1.18528,1.18401,1.18468
1.18468,1.18687,1.18423,1.18462
1.18461,1.18476,1.1812,1.18268
1.18267,1.18373,1.1816,1.18228
1.18228,1.18265,1.18158,1.18165
1.18168,1.18236,1.17861,1.17992
1.17992,1.18038,1.17942,1.1801
1.1801,1.18472,1.17907,1.18393
1.18394,1.1861,1.18351,1.18538
1.18535,1.18556,1.18259,1.1844
1.1844,1.18655,1.1843,1.18548
1.18576,1.18603,1.18344,1.18403
1.18402,1.18451,1.1829,1.18322
1.18322,1.18482,1.18061,1.18105
1.18105,1.18285,1.18037,1.18175
1.18176,1.18268,1.18079,1.18163
1.18163,1.18185,1.18065,1.18094
1.18091,1.18233,1.18068,1.18189
1.1819,1.18351,1.18176,1.18341
1.18332,1.18363,1.17966,1.18091
1.18091,1.18383,1.18046,1.18354
1.18354,1.18398,1.18206,1.1826
1.18259,1.18288,1.17812,1.17873
1.17874,1.17878,1.17693,1.17796
1.17794,1.17839,1.17738,1.17832
1.17822,1.17843,1.17418,1.17471
1.17473,1.17516,1.17147,1.17329
1.17327,1.17593,1.1719,1.17498
1.17499,1.17573,1.17398,1.17441
1.17437,1.17579,1.17431,1.17559
1.17561,1.17573,1.17431,1.17539
1.17538,1.17562,1.17224,1.17244
1.17244,1.17268,1.16777,1.16906
1.16912,1.16986,1.16485,1.16564
1.16565,1.16767,1.16558,1.16724
1.16723,1.16836,1.16663,1.1683
1.16828,1.16929,1.16737,1.16791
1.16788,1.16831,1.16587,1.16717
1.16717,1.17028,1.16628,1.16855
1.16856,1.16882,1.16384,1.16443
1.16442,1.16494,1.16402,1.16412
1.16452,1.16473,1.16362,1.16404
1.16404,1.16456,1.16285,1.16356
1.16353,1.16474,1.16202,1.16387
1.16386,1.16542,1.16345,1.16354
1.16356,1.16392,1.1622,1.16261
1.16264,1.16397,1.16213,1.16389
1.16386,1.16497,1.16295,1.16485
1.16485,1.16582,1.16456,1.16535
1.16535,1.16969,1.16517,1.16958
1.16958,1.17179,1.16909,1.17043
1.17042,1.17398,1.17021,1.17095
1.17096,1.17223,1.16953,1.17126
1.17125,1.17706,1.16738,1.16842
1.16842,1.16852,1.16021,1.16581
1.16566,1.16949,1.16273,1.16751
1.16753,1.17455,1.16713,1.17099
1.17101,1.17338,1.16797,1.17147
1.17147,1.1728,1.17097,1.17213
1.17184,1.1739,1.17155,1.17212
1.17211,1.1744,1.17105,1.17359
1.17365,1.18025,1.17272,1.17944
1.17941,1.18601,1.17888,1.18391
1.18388,1.18403,1.17913,1.18034
1.18036,1.18442,1.17949,1.18236
1.1823,1.18466,1.17956,1.18123
1.18125,1.18337,1.18077,1.18145
1.18139,1.18539,1.1813,1.18535
1.18534,1.18908,1.18466,1.18897
1.18899,1.18914,1.18513,1.18816
1.18816,1.18871,1.18717,1.18742
1.18897,1.18958,1.18794,1.18885
1.18883,1.18965,1.18806,1.18811
1.18819,1.18989,1.18652,1.18744
1.18745,1.19089,1.18603,1.18934
1.18933,1.19206,1.17951,1.18185
1.18183,1.18361,1.18028,1.18129
1.18122,1.18283,1.1807,1.18244
1.18246,1.18386,1.18231,1.18337
1.18336,1.18434,1.18001,1.18065
1.18061,1.18194,1.17797,1.18099
1.18101,1.18343,1.1801,1.18197
1.18197,1.1826,1.18029,1.18143
1.18139,1.18285,1.1807,1.18272
1.18274,1.1833,1.18213,1.1825
1.18248,1.18283,1.17788,1.17921
1.1792,1.17963,1.17523,1.17573
1.17573,1.1773,1.17441,1.17715
1.17718,1.1781,1.17678,1.17759
1.17752,1.17874,1.17715,1.17809
1.1781,1.17824,1.17667,1.17727
1.17726,1.1812,1.17573,1.1809
1.18091,1.18231,1.17898,1.18095
1.18095,1.18175,1.1787,1.18
1.17999,1.18112,1.1796,1.18035
1.18027,1.18137,1.17995,1.18086
1.18085,1.181,1.17992,1.18065
1.18068,1.18273,1.18007,1.18272
1.18272,1.18347,1.18091,1.18215
1.18214,1.18323,1.1814,1.18272
1.18272,1.18384,1.18251,1.183
1.18397,1.185,1.18296,1.1849
1.18489,1.1856,1.18463,1.18484
1.18484,1.187,1.18417,1.18461
1.18461,1.18504,1.18145,1.18214
1.18214,1.1846,1.18191,1.18425
1.18423,1.18575,1.18374,1.18488
1.18498,1.18676,1.18488,1.18608
1.18608,1.18679,1.18551,1.18573
1.18573,1.18767,1.18434,1.1869
1.1869,1.18949,1.18664,1.18871
1.18871,1.18871,1.18585,1.18641
1.18641,1.18706,1.18612,1.18613
1.1861,1.18673,1.1851,1.1855
1.18551,1.18779,1.1854,1.18741
1.18741,1.18921,1.18701,1.18892
1.18892,1.18892,1.18519,1.18601
1.186,1.18774,1.18547,1.18701
1.18701,1.18708,1.18494,1.18499
1.18527,1.18569,1.18317,1.18424
1.18424,1.1852,1.18407,1.18502
1.18501,1.18526,1.18213,1.1829
1.18287,1.18407,1.18155,1.18297
1.18297,1.185,1.18175,1.18457
1.18457,1.18836,1.18456,1.18726
1.18717,1.18791,1.1866,1.18776
1.18776,1.18919,1.18714,1.18851
1.18848,1.189,1.18569,1.18597
1.18594,1.1879,1.18517,1.18684
1.18684,1.18767,1.18502,1.18547
1.18547,1.18638,1.18501,1.18527
1.18505,1.18789,1.18504,1.18773
1.18772,1.18778,1.18717,1.18775
1.18774,1.18836,1.18639,1.18784
1.18784,1.1907,1.18764,1.19008
1.19008,1.19017,1.17993,1.18417
1.18417,1.18482,1.18352,1.18384
1.18394,1.18477,1.18341,1.18423
1.18424,1.18556,1.18418,1.18526
1.18526,1.18916,1.18468,1.18845
1.18847,1.18952,1.18514,1.18549
1.1855,1.1887,1.1842,1.18733
1.18733,1.18968,1.18683,1.18882
1.18884,1.19071,1.18877,1.1899
1.1899,1.19114,1.18965,1.18988
1.18988,1.19312,1.18921,1.19058
1.19056,1.1916,1.18826,1.19052
1.19054,1.19272,1.18922,1.19166
1.19168,1.19254,1.19088,1.19113
1.19121,1.19302,1.19113,1.19278
1.19279,1.19296,1.19212,1.19274
1.19274,1.1942,1.19029,1.19042
1.19041,1.19156,1.18857,1.18985
1.18986,1.19155,1.18938,1.19138
1.19136,1.19191,1.19077,1.19117
1.19128,1.19158,1.19079,1.19143
1.19144,1.19296,1.19108,1.19279
1.19276,1.19339,1.19161,1.1924
1.1924,1.19406,1.19153,1.19381
1.19381,1.19637,1.19329,1.19582
1.19583,1.19659,1.19515,1.19638
1.19618,1.19759,1.19603,1.19758
1.19758,1.19767,1.19671,1.19741
1.19741,1.19885,1.19641,1.19864
1.19864,1.19942,1.19749,1.19884
1.19883,1.20052,1.19427,1.19552
1.19556,1.19608,1.19237,1.19237
1.19273,1.19504,1.19237,1.19501
1.19501,1.19609,1.19488,1.19583
1.19581,1.1987,1.19551,1.19821
1.1982,1.19969,1.19615,1.19936
1.19935,1.20634,1.19766,1.20469
1.20468,1.20841,1.20446,1.20676
1.20684,1.20891,1.20623,1.20702
1.20703,1.20856,1.20682,1.20703
1.20701,1.20919,1.20476,1.20553
1.20553,1.20805,1.2042,1.20679
1.20679,1.21144,1.2062,1.20952
1.20952,1.21266,1.20918,1.21125
1.21142,1.21229,1.21086,1.21186
1.21186,1.21306,1.21173,1.21248
1.21248,1.21468,1.21064,1.21166
1.21169,1.21695,1.21093,1.21564
1.21567,1.21826,1.21432,1.21515
1.21515,1.21547,1.2138,1.21482
1.21406,1.21558,1.21406,1.21456
1.21456,1.2153,1.2141,1.21518
1.21519,1.21751,1.21456,1.21687
1.21685,1.21804,1.21335,1.21475
1.21475,1.21736,1.2135,1.21454
1.21454,1.21537,1.21118,1.21181
1.2118,1.21379,1.2118,1.21368
1.21368,1.21421,1.21323,1.21336
1.21336,1.21347,1.20805,1.20948
1.20949,1.21413,1.2087,1.21391
1.21389,1.21681,1.21316,1.21349
1.21349,1.21352,1.21074,1.21074
1.21082,1.21153,1.2106,1.21088
1.21088,1.21215,1.2107,1.21201
1.21201,1.21358,1.20973,1.2131
1.21311,1.21347,1.21092,1.21201
1.21202,1.21358,1.21019,1.2117
1.2117,1.21192,1.2102,1.21048
1.21048,1.21165,1.21025,1.21131
1.21131,1.2133,1.21121,1.2133
1.2133,1.21493,1.21219,1.21274
1.21274,1.21384,1.2103,1.21223
1.21219,1.21255,1.20602,1.20744
1.20744,1.20855,1.20627,1.20793
1.20832,1.20864,1.20759,1.20834
1.20834,1.21023,1.20828,1.2098
1.2098,1.21106,1.20852,1.21082
1.21081,1.21372,1.20831,1.21275
1.21275,1.21608,1.20985,1.21221
1.2122,1.21467,1.21152,1.21342
1.21401,1.21621,1.21391,1.21576
1.21576,1.21621,1.21529,1.21571
1.21575,1.21648,1.21144,1.21195
1.21194,1.21395,1.21122,1.21173
1.21173,1.21351,1.21075,1.21184
1.21184,1.2122,1.21122,1.21122
1.21361,1.21447,1.21175,1.21308
1.21309,1.21435,1.21303,1.21424
1.21424,1.21623,1.21403,1.21592
1.21591,1.21786,1.21498,1.21732
1.21732,1.21732,1.21251,1.21594
1.21596,1.21626,1.21408,1.21424
1.21423,1.21624,1.21423,1.21616
1.21616,1.2165,1.2147,1.21563
1.21562,1.21639,1.21333,1.21597
1.21598,1.2168,1.21235,1.21413
1.21416,1.21631,1.21399,1.21628
1.21627,1.21707,1.21481,1.21482
1.21541,1.21573,1.21469,1.21529
1.2153,1.21671,1.21528,1.21641
1.21641,1.2214,1.21543,1.22077
1.22076,1.22086,1.21808,1.21894
1.21893,1.22082,1.21646,1.21705
1.21705,1.2203,1.21268,1.21971
1.21984,1.22106,1.21918,1.22042
1.22042,1.22374,1.2203,1.22275
1.22275,1.22458,1.22258,1.22342
1.22341,1.22608,1.22269,1.22438
1.22437,1.22697,1.22409,1.22621
1.2262,1.22747,1.22602,1.22665
1.22673,1.22723,1.22524,1.2258
1.22581,1.22604,1.22405,1.2245
1.22451,1.22648,1.22446,1.22511
1.22511,1.22707,1.2245,1.22504
1.22504,1.22551,1.22274,1.22386
1.22386,1.22598,1.2237,1.22473
1.22252,1.22359,1.22051,1.22085
1.22085,1.22129,1.21789,1.2191
1.21909,1.22275,1.21676,1.21757
1.21758,1.22152,1.21294,1.21914
1.21919,1.22396,1.21919,1.2237
1.2237,1.22541,1.22289,1.22379
1.22362,1.22508,1.22293,1.22323
1.22323,1.22363,1.22165,1.22193
1.22193,1.22304,1.22054,1.22076
1.22077,1.22579,1.22047,1.2231
1.2231,1.224,1.21609,1.21739
1.21739,1.21741,1.21514,1.21581
1.21592,1.21877,1.21541,1.21773
1.21773,1.21925,1.21665,1.21894
1.21892,1.22015,1.21727,1.21945
1.21947,1.21993,1.21605,1.21762
1.21762,1.22217,1.21738,1.21873
1.21874,1.21967,1.21731,1.21813
1.21838,1.2213,1.21832,1.22088
1.22088,1.22164,1.22027,1.22057
1.22056,1.22104,1.21877,1.21919
1.21919,1.22037,1.21862,1.21887
1.21884,1.21977,1.21775,1.21828
1.21828,1.21854,1.21762,1.21786
1.218,1.22087,1.21784,1.22055
1.22055,1.22246,1.22049,1.22242
1.22243,1.22514,1.22205,1.22501
1.22502,1.22514,1.21919,1.22134
1.22138,1.22406,1.22057,1.22065
1.22066,1.22167,1.2203,1.2213
1.22101,1.22353,1.22052,1.22281
1.22281,1.2244,1.22252,1.22371
1.22369,1.22593,1.22366,1.22508
1.22508,1.22629,1.22403,1.22551
1.22551,1.22775,1.22384,1.22428
1.22428,1.226,1.22377,1.22462
1.22465,1.22962,1.22461,1.22922
1.22922,1.22935,1.22831,1.22862
1.22863,1.22878,1.22541,1.22696
1.22695,1.22951,1.22679,1.22927
1.22927,1.23114,1.22724,1.22899
1.22899,1.23027,1.22819,1.22993
1.22993,1.23104,1.22917,1.23079
1.23079,1.23104,1.22865,1.22909
1.22909,1.23054,1.22782,1.22802
1.22801,1.22898,1.22608,1.22864
1.22865,1.22867,1.22222,1.22264
1.22264,1.22294,1.22105,1.22165
1.22258,1.22569,1.22258,1.22538
1.22541,1.22605,1.22428,1.22566
1.22568,1.2302,1.22436,1.22949
1.22949,1.23074,1.22877,1.23009
1.23007,1.23109,1.22513,1.22542
1.22541,1.22581,1.22428,1.2251
1.2251,1.22644,1.22449,1.22584
1.22585,1.22783,1.22583,1.22736
1.22736,1.22854,1.22567,1.22735
1.22736,1.2292,1.22618,1.22638
1.22638,1.23066,1.22551,1.23006
1.23006,1.23069,1.22909,1.22914
1.22966,1.23266,1.22824,1.22907
1.22908,1.23079,1.22769,1.22979
1.22979,1.23466,1.22979,1.23393
1.23393,1.23516,1.2318,1.23212
1.23209,1.2322,1.22669,1.23004
1.23001,1.23412,1.22977,1.23223
1.23277,1.23457,1.23239,1.23318
1.23322,1.23337,1.23122,1.23141
1.23141,1.23271,1.22647,1.2269
1.2269,1.22774,1.22424,1.22675
1.22675,1.2282,1.22454,1.22652
1.22652,1.22782,1.22618,1.22669
1.2266,1.22714,1.22339,1.2247
1.2247,1.22672,1.22445,1.22569
1.22569,1.22681,1.22118,1.22389
1.22386,1.22835,1.2231,1.22714
1.22711,1.2284,1.22222,1.22287
1.22286,1.22287,1.21921,1.22178
1.22135,1.2222,1.21703,1.21768
1.21767,1.21808,1.21657,1.21805
1.21805,1.21989,1.21591,1.21595
1.21594,1.21707,1.2138,1.21432
1.21435,1.21731,1.21308,1.21657
1.21659,1.21704,1.21476,1.21476
1.21482,1.21608,1.21393,1.21481
1.21479,1.21539,1.21374,1.21519
1.21519,1.21779,1.21475,1.21609
1.21611,1.21657,1.21391,1.21453
1.21453,1.21768,1.21358,1.21735
1.21735,1.22103,1.21711,1.22046
1.2206,1.22195,1.22014,1.22185
1.22185,1.22217,1.22086,1.22101
1.22101,1.22239,1.21824,1.21898
1.21898,1.21921,1.21539,1.21603
1.21604,1.21799,1.21386,1.21646
1.21646,1.21739,1.21472,1.21536
1.2154,1.21711,1.21492,1.21653
1.21653,1.21684,1.21347,1.2154
1.21541,1.21663,1.2135,1.21652
1.21652,1.21663,1.21097,1.21186
1.21186,1.21785,1.21107,1.21666
1.21664,1.21774,1.21468,1.21539
1.21527,1.21628,1.21474,1.21512
1.21512,1.21547,1.21346,1.21392
1.2139,1.21461,1.21169,1.2138
1.21378,1.21434,1.21128,1.21147
1.21149,1.21165,1.208,1.20919
1.20919,1.20919,1.20735,1.20735
1.20758,1.20847,1.20631,1.20768
1.20767,1.20827,1.20637,1.20758
1.20758,1.2085,1.20573,1.20601
1.20601,1.20738,1.20514,1.20643
1.20641,1.20788,1.20608,1.20729
1.20729,1.20802,1.20691,1.2075
1.2075,1.20951,1.2072,1.20919
1.20918,1.20971,1.20893,1.20956
1.20956,1.21237,1.20841,1.21193
1.21193,1.21428,1.21187,1.21372
1.21373,1.21465,1.21169,1.21224
1.21223,1.21311,1.212,1.21274
1.21261,1.21478,1.2124,1.21422
1.21422,1.2151,1.21411,1.2146
1.2146,1.21601,1.21195,1.21287
1.21286,1.21292,1.20948,1.21064
1.21062,1.2117,1.20758,1.21061
1.21062,1.21094,1.20982,1.21043
1.21012,1.2131,1.21012,1.21243
1.21242,1.21386,1.21233,1.21352
1.21354,1.2147,1.21157,1.21431
1.21431,1.2174,1.21333,1.21529
1.21527,1.2171,1.21366,1.21497
1.21495,1.21713,1.21492,1.21628
1.21628,1.21789,1.21628,1.21741
1.21741,1.21781,1.21714,1.21734
1.21734,1.21908,1.21528,1.21751
1.21753,1.21889,1.21565,1.21667
1.21669,1.21861,1.21554,1.21686
1.21686,1.21745,1.21665,1.2171
1.2163,1.21747,1.21614,1.21655
1.21656,1.21823,1.21656,1.2182
1.2182,1.21844,1.21446,1.21479
1.2148,1.21631,1.21403,1.21472
1.21472,1.21528,1.2115,1.21438
1.21437,1.21459,1.21353,1.2138
1.2138,1.21448,1.21324,1.21447
1.21446,1.21455,1.21262,1.213
1.21298,1.21402,1.21065,1.21278
1.21277,1.21626,1.2122,1.21574
1.21574,1.21767,1.21408,1.2158
1.21579,1.21692,1.21569,1.21594
1.21601,1.21706,1.21589,1.21616
1.21617,1.21659,1.21538,1.21637
1.21637,1.21667,1.21197,1.21214
1.21214,1.2132,1.20967,1.21099
1.21098,1.21183,1.20568,1.21169
1.21169,1.21281,1.20925,1.21114
1.21064,1.21106,1.20816,1.21005
1.21005,1.21047,1.20859,1.21044
1.21043,1.21126,1.20796,1.21078
1.21078,1.21299,1.20872,1.21277
1.21278,1.2143,1.21192,1.21256
1.21259,1.21408,1.21178,1.21181
1.21177,1.21269,1.21037,1.21079
1.21079,1.21084,1.20935,1.20983
1.20984,1.21213,1.20963,1.21168
1.21164,1.2153,1.21072,1.21477
1.21476,1.2157,1.2126,1.21329
1.21329,1.21401,1.21283,1.2135
1.21282,1.21372,1.21206,1.21279
1.2128,1.21337,1.21251,1.21306
1.21306,1.21333,1.20825,1.20922
1.20924,1.2093,1.20679,1.20835
1.20836,1.2098,1.20609,1.2068
1.20679,1.20765,1.20541,1.20558
1.20591,1.20846,1.20572,1.20824
1.20823,1.20863,1.20731,1.20777
1.20776,1.20857,1.20623,1.20652
1.20656,1.20678,1.20241,1.20461
1.20461,1.20473,1.20094,1.20167
1.20169,1.20439,1.2015,1.20389
1.20396,1.2048,1.20338,1.20447
1.20448,1.20459,1.20372,1.20419
1.20419,1.2042,1.20078,1.20221
1.20221,1.20282,1.20028,1.20149
1.20148,1.20304,1.2002,1.20246
1.20246,1.20351,1.20192,1.20314
1.2031,1.20406,1.20275,1.20328
1.20329,1.20362,1.20106,1.20149
1.20149,1.20149,1.1981,1.19838
1.19838,1.19958,1.19808,1.19818
1.1982,1.19871,1.19551,1.19581
1.19581,1.19658,1.19554,1.1958
1.196,1.19698,1.19562,1.19639
1.19642,1.19661,1.19503,1.19607
1.19609,1.19857,1.19574,1.19748
1.19746,1.20218,1.19666,1.20026
1.20025,1.20427,1.19995,1.20388
1.20387,1.20513,1.20379,1.20493
1.20398,1.20558,1.20311,1.20396
1.20396,1.2044,1.20325,1.20377
1.20379,1.20501,1.20252,1.20293
1.20293,1.20452,1.20208,1.20387
1.20385,1.20674,1.20341,1.20483
1.20482,1.20588,1.20451,1.20472
1.20475,1.20652,1.20475,1.2061
1.2061,1.20836,1.2061,1.20799
1.20799,1.21184,1.20692,1.21115
1.21115,1.2115,1.2092,1.21035
1.21035,1.21113,1.20904,1.21072
1.21072,1.21238,1.2104,1.2121
1.21189,1.21208,1.21108,1.21179
1.21181,1.21317,1.21177,1.21261
1.21261,1.21458,1.2116,1.21212
1.21212,1.21416,1.2115,1.21305
1.21305,1.21414,1.21251,1.21399
1.21399,1.21399,1.21172,1.21172
1.21191,1.2122,1.21154,1.21189
1.2119,1.21295,1.21188,1.21282
1.21282,1.21377,1.21196,1.21321
1.21321,1.21512,1.21229,1.21455
1.21456,1.21469,1.21234,1.21289
1.21291,1.21392,1.21252,1.21287
1.21291,1.2137,1.21264,1.21289
1.21288,1.21337,1.21204,1.21334
1.21334,1.21334,1.21022,1.21101
1.21098,1.21166,1.20859,1.20888
1.2089,1.21303,1.20833,1.21247
1.21247,1.21277,1.21145,1.21207
1.21175,1.21297,1.21175,1.21282
1.21282,1.21418,1.21272,1.21394
1.21393,1.21468,1.21325,1.21361
1.21358,1.2142,1.21255,1.21282
1.21283,1.21396,1.21222,1.21327
1.21326,1.21361,1.21265,1.2127
1.21307,1.21484,1.21263,1.21443
1.21443,1.21522,1.21344,1.21384
1.21378,1.21588,1.213,1.21542
1.21542,1.2171,1.21071,1.21092
1.21093,1.21247,1.2096,1.21098
1.21098,1.21187,1.2104,1.21043
1.21036,1.21084,1.20839,1.20935
1.20935,1.20989,1.20866,1.20938
1.20937,1.20939,1.20586,1.20667
1.20665,1.20681,1.20288,1.20318
1.20317,1.20459,1.20213,1.20432
1.20433,1.20438,1.20312,1.20312
1.20349,1.20485,1.20349,1.2043
1.2043,1.20448,1.2034,1.20438
1.20439,1.20747,1.20346,1.20728
1.20725,1.20905,1.2062,1.20854
1.20855,1.20873,1.20629,1.20824
1.20822,1.20954,1.20803,1.20866
1.20927,1.20994,1.20873,1.20888
1.20888,1.20973,1.20833,1.20951
1.20952,1.2143,1.20917,1.21354
1.21353,1.21462,1.2128,1.21323
1.21322,1.21416,1.21189,1.21285
1.21287,1.21292,1.21091,1.21135
1.21196,1.21368,1.21163,1.21277
1.21276,1.21304,1.21138,1.21214
1.21214,1.21257,1.20921,1.21091
1.2109,1.21556,1.21089,1.21487
1.2149,1.21691,1.21306,1.21669
1.21667,1.21712,1.21521,1.21527
1.21562,1.2179,1.2151,1.21776
1.21775,1.21791,1.21664,1.2172
1.21719,1.21818,1.2147,1.21506
1.21505,1.216,1.21372,1.2151
1.21511,1.21684,1.21371,1.21479
1.21477,1.21593,1.21435,1.21483
1.21464,1.21682,1.21446,1.21604
1.21605,1.21641,1.21473,1.21496
1.21495,1.21765,1.21459,1.21646
1.21644,1.21742,1.21242,1.2134
1.21339,1.21474,1.21092,1.21421
1.21424,1.21753,1.21398,1.2162
1.21619,1.21722,1.21576,1.21583
1.21582,1.21838,1.21569,1.21791
1.21793,1.22242,1.2169,1.22216
1.22214,1.22397,1.22131,1.22141
1.22142,1.22446,1.22107,1.22146
1.22146,1.22154,1.21613,1.21752
1.21773,1.21829,1.21369,1.21633
1.21633,1.21823,1.21445,1.21531
1.21532,1.21588,1.21218,1.21241
1.21241,1.21281,1.20911,1.21222
1.21223,1.21402,1.20721,1.20783
1.20783,1.20888,1.20605,1.20683
1.20676,1.20997,1.20674,1.20826
1.20825,1.20871,1.20732,1.20832
1.20832,1.20912,1.20265,1.20363
1.20364,1.20537,1.20352,1.2051
1.2051,1.20678,1.20256,1.20388
1.20389,1.20495,1.20308,1.20438
1.20454,1.20486,1.2025,1.20291
1.20291,1.20337,1.2013,1.20195
1.20194,1.20248,1.19895,1.20034
1.20035,1.20356,1.20035,1.20268
1.20267,1.20853,1.20259,1.20805
1.20802,1.20956,1.20801,1.20889
1.20904,1.20946,1.20833,1.20927
1.20927,1.20933,1.2084,1.20855
1.20855,1.21141,1.20752,1.21026
1.21026,1.21044,1.20427,1.20537
1.20539,1.208,1.20417,1.20694
1.20694,1.2078,1.20605,1.20605
1.20623,1.20654,1.20428,1.20611
1.20612,1.20628,1.20428,1.20554
1.20554,1.20618,1.20256,1.20314
1.20313,1.20481,1.20265,1.20347
1.20347,1.20526,1.19887,1.19926
1.19926,1.19985,1.19587,1.19589
1.19641,1.19749,1.1951,1.19585
1.19585,1.19627,1.19495,1.19574
1.1957,1.19588,1.19119,1.19255
1.19254,1.19411,1.18906,1.19157
1.19157,1.19442,1.19032,1.19099
1.19099,1.19207,1.1903,1.19102
1.19151,1.193,1.19145,1.1925
1.1925,1.19262,1.18966,1.191
1.191,1.19124,1.18631,1.18702
1.18701,1.18785,1.18545,1.1869
1.1869,1.18852,1.18435,1.18548
1.18549,1.18627,1.18404,1.18429
1.18432,1.18507,1.18334,1.18363
1.18363,1.18646,1.18361,1.18519
1.18519,1.19069,1.18491,1.19033
1.19031,1.19135,1.18805,1.18899
1.18897,1.19071,1.18794,1.18843
1.18844,1.1903,1.18828,1.18962
1.18961,1.19017,1.18819,1.18831
1.18834,1.18836,1.18683,1.18732
1.18732,1.18997,1.18669,1.18979
1.18979,1.19109,1.18797,1.19087
1.19087,1.19233,1.18845,1.19067
1.19067,1.19284,1.19,1.19245
1.19253,1.19278,1.19139,1.19207
1.19206,1.19337,1.19206,1.19266
1.19266,1.19697,1.19182,1.19648
1.19647,1.19748,1.19433,1.19575
1.19574,1.19802,1.19289,1.19731
1.1973,1.19912,1.19724,1.1983
1.19828,1.199,1.19814,1.19856
1.19857,1.19859,1.19608,1.19647
1.19647,1.19647,1.19098,1.19164
1.19164,1.19393,1.19086,1.19257
1.19259,1.19559,1.19108,1.19471
1.19471,1.19614,1.19439,1.19495
1.19486,1.19673,1.19428,1.19578
1.19578,1.19618,1.19295,1.19321
1.19321,1.19391,1.19171,1.19249
1.19248,1.19333,1.1915,1.19196
1.19196,1.19364,1.19101,1.19268
1.19268,1.19326,1.19202,1.1926
1.1926,1.19311,1.19213,1.19269
1.19269,1.19378,1.19211,1.19343
1.19342,1.19345,1.19126,1.1928
1.19281,1.19523,1.18962,1.19015
1.19023,1.1913,1.18811,1.19017
1.19017,1.19094,1.18958,1.19005
1.19001,1.19053,1.18919,1.18959
1.18959,1.19034,1.18951,1.18972
1.18972,1.19159,1.18855,1.19097
1.19097,1.1915,1.18903,1.19005
1.19005,1.19175,1.18965,1.19175
1.1917,1.19862,1.1917,1.19806
1.19806,1.19885,1.19678,1.19699
1.19701,1.19756,1.1956,1.19654
1.19656,1.19897,1.19356,1.19427
1.19428,1.195,1.19093,1.19154
1.19152,1.19381,1.19074,1.19286
1.19286,1.19292,1.19051,1.19126
1.19126,1.19195,1.19017,1.19085
1.19084,1.19188,1.1901,1.19167
1.19167,1.19366,1.18915,1.18924
1.18924,1.19085,1.18728,1.18799
1.18802,1.1911,1.1875,1.19086
1.19086,1.19117,1.18964,1.18964
1.1877,1.18915,1.1874,1.18835
1.18835,1.18987,1.18834,1.18927
1.18927,1.1905,1.18737,1.18996
1.18996,1.19316,1.18984,1.19168
1.19168,1.19477,1.19136,1.19421
1.1942,1.19449,1.19278,1.19338
1.19339,1.19414,1.19275,1.19301
1.19301,1.19337,1.19197,1.19249
1.19249,1.19317,1.18848,1.18899
1.18899,1.18985,1.1869,1.18711
1.18709,1.18746,1.18537,1.18551
1.18551,1.18556,1.184,1.18486
1.18457,1.18497,1.1834,1.1846
1.1846,1.18476,1.18366,1.18383
1.18384,1.18451,1.18076,1.18328
1.18328,1.18343,1.18124,1.18206
1.18206,1.18369,1.1815,1.1825
1.1825,1.18285,1.18075,1.18101
1.18107,1.18156,1.18021,1.181
1.18101,1.18255,1.18097,1.18179
1.18179,1.18193,1.17978,1.18085
1.18083,1.18161,1.17869,1.18057
1.18058,1.18103,1.17596,1.17724
1.17724,1.17797,1.17589,1.1766
1.1766,1.17825,1.1766,1.17814
1.17815,1.17823,1.17725,1.17811
1.17811,1.17951,1.1773,1.17904
1.17901,1.17914,1.17698,1.17815
1.17815,1.18029,1.1776,1.17881
1.17881,1.17979,1.17822,1.17898
1.17895,1.17912,1.17758,1.17783
1.17783,1.17889,1.17731,1.17766
1.17766,1.17918,1.17609,1.17646
1.17646,1.17864,1.17626,1.17832
1.17832,1.17904,1.17587,1.17717
1.17718,1.17762,1.17609,1.17613
1.17603,1.17702,1.17603,1.17681
1.17682,1.17716,1.17577,1.1762
1.1762,1.17633,1.17302,1.17439
1.17435,1.17476,1.17252,1.1729
1.17291,1.17354,1.17108,1.17163
1.17163,1.17208,1.17107,1.17113
1.17133,1.17238,1.17113,1.17204
1.17203,1.17218,1.1702,1.17054
1.17054,1.17458,1.17026,1.17436
1.17436,1.17436,1.17188,1.17236
1.17236,1.1758,1.17191,1.17477
1.17477,1.17532,1.17172,1.17249
1.17264,1.17301,1.17187,1.17273
1.17275,1.17308,1.17123,1.17132
1.17131,1.17426,1.17104,1.17255
1.17255,1.17518,1.1722,1.17431
1.17434,1.17781,1.17368,1.17715
1.17715,1.17768,1.17649,1.17716
1.17729,1.17826,1.17684,1.17697
1.17697,1.17796,1.17674,1.17765
1.17766,1.17851,1.17679,1.17801
1.17801,1.17843,1.17541,1.17669
1.17669,1.17675,1.17475,1.1758
1.1758,1.17624,1.17532,1.17532
1.17532,1.1766,1.17514,1.17632
1.17632,1.17702,1.17572,1.17573
1.17576,1.17589,1.17388,1.17449
1.17447,1.17794,1.17361,1.17772
1.17777,1.1816,1.17764,1.18156
1.18156,1.18191,1.18081,1.18114
1.18092,1.18219,1.18092,1.18142
1.18142,1.18174,1.17991,1.1805
1.1805,1.18202,1.17942,1.18133
1.18133,1.18326,1.18014,1.18281
1.18283,1.18568,1.18254,1.18561
1.18561,1.1879,1.18529,1.18744
1.18744,1.18769,1.18698,1.18736
1.18738,1.18793,1.18669,1.18721
1.18721,1.18888,1.18653,1.18875
1.18875,1.18999,1.18784,1.18861
1.1886,1.19181,1.18832,1.18836
1.18835,1.18881,1.18617,1.1866
1.1866,1.18749,1.1866,1.18672
1.18673,1.18747,1.18616,1.18735
1.18735,1.18938,1.1868,1.18824
1.18822,1.18958,1.18626,1.18936
1.18934,1.19285,1.18845,1.19225
1.19225,1.19244,1.19108,1.19108
1.19149,1.19214,1.19119,1.19203
1.19204,1.19213,1.19042,1.1905
1.1905,1.19056,1.18848,1.18865
1.18865,1.19013,1.18678,1.18768
1.18772,1.19042,1.1871,1.19009
1.19009,1.19112,1.18991,1.18991
1.18947,1.19046,1.18931,1.18984
1.18986,1.18995,1.18862,1.1889
1.1889,1.18953,1.1872,1.18851
1.18851,1.19193,1.18848,1.19152
1.19154,1.19202,1.19045,1.19169
1.19167,1.19185,1.19,1.19082
1.19094,1.1917,1.19032,1.1905
1.1905,1.19056,1.1887,1.18882
1.18885,1.19098,1.1884,1.19017
1.19018,1.19355,1.18787,1.19256
1.19256,1.19446,1.19245,1.19392
1.19392,1.19572,1.19391,1.19475
1.19474,1.19598,1.19474,1.19558
1.19558,1.19654,1.1954,1.19641
1.19641,1.19756,1.19563,1.19681
1.19681,1.19711,1.19524,1.19652
1.19651,1.1989,1.19544,1.19865
1.19865,1.1987,1.19711,1.19776
1.19787,1.19904,1.19775,1.19879
1.19877,1.19915,1.19715,1.19719
1.19719,1.19918,1.19717,1.19824
1.19822,1.19952,1.19588,1.19607
1.19608,1.19853,1.19577,1.19726
1.19726,1.19788,1.19585,1.19652
1.19675,1.19762,1.19577,1.19586
1.19589,1.19655,1.19519,1.19645
1.19644,1.19904,1.19596,1.19794
1.19794,1.19961,1.19703,1.19859
1.19858,1.19952,1.19763,1.19819
1.19819,1.19849,1.19739,1.19818
1.19752,1.19786,1.1962,1.19628
1.19631,1.19652,1.19436,1.19596
1.19596,1.20343,1.19592,1.20268
1.20268,1.20498,1.20236,1.20423
1.20422,1.20427,1.20165,1.20395
1.20395,1.20423,1.20346,1.20352
1.20363,1.2047,1.20355,1.20406
1.20406,1.20732,1.20389,1.20642
1.20642,1.20815,1.20498,1.20702
1.20702,1.20726,1.20276,1.20357
1.20357,1.20579,1.20268,1.20313
1.20313,1.2038,1.20236,1.20333
1.20333,1.20448,1.20318,1.20358
1.20358,1.20432,1.20257,1.20286
1.20286,1.20367,1.20044,1.20071
1.20071,1.2017,1.19994,1.20149
1.2015,1.20401,1.19999,1.20287
1.20285,1.20372,1.20276,1.20327
1.20312,1.20409,1.20312,1.20377
1.20377,1.20481,1.20333,1.20347
1.20346,1.20508,1.20255,1.2027
1.2027,1.20675,1.20231,1.20658
1.20657,1.20708,1.20036,1.20097
1.201,1.20182,1.19944,1.20126
1.2021,1.20218,1.20137,1.20215
1.20217,1.20285,1.20191,1.20276
1.20276,1.20625,1.20238,1.20603
1.20603,1.20775,1.20506,1.20735
1.20733,1.20786,1.20474,1.20779
1.2078,1.21015,1.20756,1.20934
1.20939,1.21068,1.20901,1.21048
1.21049,1.21187,1.21049,1.21099
1.21099,1.21173,1.20902,1.21012
1.21012,1.21109,1.2078,1.20818
1.20819,1.20906,1.2062,1.20902
1.20902,1.20948,1.20813,1.20827
1.20798,1.20899,1.20757,1.20802
1.20802,1.20821,1.20662,1.20739
1.2074,1.20811,1.20583,1.20591
1.20592,1.2094,1.20577,1.20828
1.20828,1.20914,1.20702,1.2072
1.2072,1.20939,1.20716,1.20877
1.209,1.20936,1.20793,1.20795
1.20795,1.2086,1.20734,1.20739
1.20739,1.20807,1.20572,1.20759
1.20759,1.20781,1.20624,1.20688
1.20688,1.21038,1.20576,1.20912
1.20912,1.21358,1.20665,1.21231
1.21234,1.21429,1.21216,1.21429
1.21429,1.21512,1.21253,1.2133
1.21329,1.2138,1.21123,1.21165
1.21165,1.2137,1.2115,1.21236
1.21235,1.21279,1.21033,1.21188
1.21188,1.21305,1.21137,1.21188
1.21172,1.21272,1.21134,1.21231
1.21231,1.21275,1.21164,1.21181
1.21181,1.21209,1.20953,1.20961
1.20959,1.2099,1.20777,1.20843
1.20843,1.20925,1.20229,1.20254
1.20254,1.20292,1.20128,1.20128
1.20247,1.20324,1.20187,1.20323
1.20324,1.20341,1.20157,1.20196
1.20196,1.20488,1.20115,1.20466
1.20467,1.20578,1.20419,1.20432
1.20431,1.20769,1.20426,1.20537
1.20536,1.2068,1.20522,1.20611
1.20624,1.20649,1.20538,1.20564
1.20566,1.2057,1.20377,1.20411
1.20411,1.20414,1.20015,1.20026
1.20026,1.20308,1.19984,1.20261
1.20261,1.20362,1.20019,1.20178
1.20177,1.20239,1.20098,1.20111
1.20116,1.20214,1.201,1.20202
1.20203,1.2027,1.20186,1.20228
1.20228,1.20228,1.1986,1.19965
1.19965,1.20202,1.19918,1.19972
1.19972,1.20123,1.19924,1.19941
1.19943,1.20063,1.19914,1.19986
1.20034,1.20099,1.19986,1.20005
1.20005,1.2012,1.19933,1.20023
1.20024,1.20454,1.20023,1.20405
1.20405,1.20618,1.2037,1.20584
1.20582,1.20729,1.20451,1.20506
1.20506,1.20656,1.20491,1.20619
1.20598,1.20709,1.20597,1.20646
1.20645,1.20703,1.20606,1.20651
1.2065,1.20918,1.2054,1.20887
1.20887,1.21475,1.20593,1.21302
1.21303,1.21666,1.21033,1.21526
1.21526,1.21731,1.21511,1.21629
1.21624,1.21785,1.2161,1.21632
1.21631,1.21649,1.21526,1.21531
1.21534,1.21768,1.21383,1.21726
1.21724,1.21758,1.21582,1.21727
1.21726,1.21798,1.21543,1.21607
1.21609,1.2161,1.21285,1.21285
1.21284,1.21442,1.21273,1.21292
1.21292,1.21507,1.21276,1.21429
1.21431,1.21655,1.21245,1.21638
1.21638,1.21729,1.2155,1.21695
1.21694,1.2183,1.21493,1.21651
1.2165,1.21659,1.21461,1.21466
1.21466,1.21514,1.21384,1.21392
1.21392,1.21392,1.21162,1.21208
1.21208,1.21446,1.21206,1.21352
1.21354,1.21472,1.20723,1.21304
1.21303,1.2153,1.2066,1.20668
1.20667,1.20828,1.20638,1.20665
1.20682,1.20847,1.20682,1.20823
1.20824,1.20892,1.20723,1.20788
1.20788,1.21068,1.20518,1.20626
1.20625,1.20946,1.20606,1.20823
1.20823,1.21008,1.20647,1.208
1.20801,1.20876,1.20625,1.2076
1.20765,1.20831,1.20716,1.20758
1.2076,1.20886,1.20735,1.20864
1.20863,1.21305,1.2085,1.21263
1.21263,1.2138,1.21039,1.21303
1.21305,1.21487,1.21251,1.2138
1.21378,1.21472,1.2135,1.21412
1.21422,1.21521,1.21334,1.2135
1.21349,1.21396,1.213,1.21305
1.21305,1.21508,1.21271,1.21489
1.2149,1.21701,1.21355,1.21406
1.21406,1.21588,1.21388,1.2157
1.21572,1.21626,1.2152,1.2152
1.21518,1.21602,1.21514,1.21577
1.21578,1.21704,1.21568,1.21656
1.21656,1.22214,1.21649,1.222
1.22201,1.22361,1.22084,1.22232
1.22232,1.22255,1.21997,1.22182
1.22184,1.2232,1.22164,1.22219
1.22222,1.22345,1.22219,1.22281
1.22281,1.22368,1.22189,1.22331
1.22331,1.22473,1.22063,1.22182
1.22181,1.22222,1.21903,1.22093
1.22093,1.22402,1.22051,1.22122
1.22122,1.22163,1.21606,1.21737
1.21737,1.21858,1.21696,1.21858
1.21854,1.2186,1.21705,1.21828
1.21827,1.22055,1.21779,1.21891
1.21892,1.22089,1.21821,1.22011
1.22012,1.22275,1.21983,1.22194
1.22194,1.22302,1.22132,1.22262
1.22256,1.22391,1.22235,1.22351
1.22353,1.22405,1.22288,1.22342
1.22342,1.2241,1.2211,1.22247
1.22248,1.2239,1.21791,1.22068
1.22067,1.22108,1.21614,1.21647
1.21647,1.21885,1.21633,1.21779
1.21784,1.21879,1.21718,1.2181
1.2181,1.21861,1.21758,1.21802
1.21802,1.2205,1.21758,1.21976
1.21976,1.22203,1.21939,1.22109
1.22111,1.22309,1.22044,1.22162
1.22162,1.22191,1.22065,1.22108
1.22108,1.22228,1.22108,1.22227
1.22226,1.22325,1.22221,1.22304
1.22305,1.22634,1.22216,1.22603
1.22602,1.22678,1.22476,1.22551
1.22552,1.22584,1.22278,1.22409
1.22408,1.22583,1.22391,1.22471
1.22482,1.22563,1.22457,1.22464
1.22465,1.22624,1.2243,1.22609
1.2261,1.22641,1.22337,1.2242
1.2242,1.22482,1.22181,1.22202
1.22201,1.22405,1.21961,1.22003
1.22003,1.22026,1.21822,1.21879
1.21878,1.21972,1.21802,1.21885
1.21886,1.21957,1.21749,1.21936
1.21938,1.22155,1.21805,1.21832
1.21832,1.22111,1.21825,1.21865
1.21868,1.22121,1.21801,1.21882
1.21882,1.22054,1.21878,1.2192
1.21926,1.21965,1.21831,1.21847
1.21847,1.21906,1.21819,1.21882
1.21882,1.22011,1.21719,1.2198
1.21977,1.21986,1.21321,1.21345
1.21346,1.2205,1.21318,1.22014
1.22014,1.22058,1.21898,1.21898
1.21995,1.21995,1.21853,1.21924
1.21924,1.2205,1.21895,1.21988
1.21987,1.22046,1.21842,1.22013
1.22011,1.22028,1.21859,1.21994
1.21994,1.22325,1.21947,1.22292
1.22291,1.22301,1.22237,1.22251
1.22253,1.22355,1.22244,1.22307
1.22307,1.22376,1.22234,1.22235
1.22235,1.22426,1.22144,1.22309
1.22309,1.22395,1.2218,1.22257
1.22257,1.22554,1.22168,1.2234
1.2234,1.22352,1.22125,1.22125
1.22147,1.22267,1.22128,1.2221
1.2221,1.22274,1.22176,1.22178
1.22181,1.22205,1.21787,1.21803
1.21803,1.21914,1.21627,1.21855
1.21855,1.22192,1.2184,1.22128
1.22129,1.22161,1.22065,1.22077
1.22099,1.22149,1.22087,1.22132
1.22132,1.22143,1.22019,1.22022
1.22022,1.22047,1.2179,1.21881
1.21881,1.2209,1.21569,1.21587
1.21588,1.21626,1.21171,1.21191
1.21192,1.21327,1.21177,1.21224
1.2124,1.21308,1.21132,1.21261
1.21261,1.21291,1.2111,1.21126
1.21125,1.21162,1.21026,1.21103
1.21103,1.21749,1.21023,1.21682
1.21682,1.21865,1.21616,1.21617
1.21622,1.21708,1.21609,1.21647
1.21625,1.21734,1.21613,1.21681
1.21681,1.21713,1.21607,1.21687
1.21686,1.21688,1.21456,1.21625
1.21625,1.21764,1.21512,1.2164
1.2164,1.22027,1.2162,1.21957
1.21958,1.22,1.21886,1.21886
1.2191,1.21951,1.21834,1.21864
1.21864,1.21917,1.21782,1.218
1.218,1.2186,1.21649,1.21766
1.21764,1.21888,1.21689,1.21762
1.21759,1.21936,1.21714,1.21787
1.21787,1.21824,1.21692,1.21692
1.21712,1.21787,1.21712,1.21754
1.21754,1.2186,1.21743,1.218
1.218,1.21934,1.21762,1.21891
1.21892,1.21984,1.21847,1.21955
1.21955,1.2219,1.21748,1.21767
1.21767,1.21845,1.2174,1.21751
1.2177,1.21813,1.21726,1.21735
1.21735,1.21762,1.21629,1.21644
1.21643,1.21739,1.21531,1.21665
1.21666,1.21953,1.21505,1.21869
1.21867,1.21939,1.21437,1.21771
1.21772,1.21792,1.21703,1.21731
1.21732,1.21793,1.2171,1.21788
1.21788,1.21921,1.21765,1.21879
1.21879,1.21938,1.21647,1.21663
1.21663,1.21677,1.21215,1.21277
1.21277,1.21293,1.20911,1.20945
1.20945,1.21091,1.2091,1.21054
1.21001,1.21102,1.20969,1.20984
1.20984,1.2103,1.20928,1.21024
1.21024,1.2119,1.20923,1.21071
1.21071,1.21228,1.21067,1.21178
1.21177,1.21285,1.21151,1.21202
1.21202,1.21211,1.21149,1.21171
1.21169,1.21218,1.2112,1.2118
1.2118,1.21241,1.21128,1.21239
1.21239,1.21455,1.21222,1.21284
1.21284,1.21286,1.20994,1.211
1.21097,1.21292,1.2107,1.21224
1.21225,1.2128,1.212,1.21228
1.21228,1.21266,1.21206,1.21208
1.21209,1.21271,1.21149,1.21267
1.21266,1.21328,1.21166,1.21269
1.21269,1.21275,1.21123,1.21168
1.21169,1.21252,1.21083,1.21157
1.21157,1.21157,1.19907,1.19907
1.19916,1.19965,1.19822,1.19863
1.19863,1.20029,1.19858,1.19991
1.19991,1.20045,1.19343,1.19454
1.19457,1.19551,1.19243,1.19287
1.19289,1.19491,1.18897,1.18942
1.18942,1.19207,1.1894,1.19008
1.19034,1.19134,1.19022,1.19058
1.19059,1.19212,1.19041,1.19097
1.19097,1.19206,1.18817,1.1909
1.19089,1.19206,1.18636,1.18839
1.18839,1.1884,1.18436,1.18707
1.18703,1.18781,1.18533,1.18584
1.18541,1.18747,1.1854,1.18706
1.18706,1.1872,1.18459,1.1864
1.18639,1.18921,1.18492,1.18911
1.18912,1.18978,1.18831,1.18907
1.18907,1.19197,1.18877,1.19174
1.19172,1.19192,1.1906,1.19099
1.19134,1.19183,1.19033,1.19062
1.19062,1.19132,1.18989,1.19013
1.19013,1.19095,1.18899,1.18946
1.18947,1.19008,1.18791,1.18908
1.18908,1.19407,1.18882,1.19329
1.19328,1.19508,1.19299,1.19315
1.19342,1.19419,1.19278,1.19301
1.19301,1.19327,1.19173,1.19176
1.19178,1.19438,1.19096,1.19311
1.19311,1.19533,1.19307,1.19517
1.19517,1.19683,1.19324,1.19339
1.19339,1.19364,1.19175,1.192
1.19231,1.19316,1.19225,1.19291
1.1929,1.19306,1.19175,1.19226
1.19226,1.19412,1.19159,1.19233
1.19233,1.19545,1.19232,1.19527
1.19527,1.19542,1.19182,1.19249
1.19249,1.19336,1.19246,1.19263
1.19286,1.19309,1.1925,1.1929
1.19291,1.19431,1.1929,1.19351
1.19351,1.19488,1.19332,1.19414
1.19413,1.19638,1.19359,1.19559
1.19566,1.19733,1.19306,1.19354
1.19354,1.19407,1.19244,1.19327
1.19343,1.19402,1.19306,1.19349
1.19349,1.19363,1.19183,1.19206
1.19206,1.19428,1.192,1.19396
1.19394,1.19421,1.19004,1.19197
1.19197,1.19379,1.19093,1.19207
1.19207,1.19272,1.19183,1.19185
1.19192,1.19282,1.19158,1.19173
1.19173,1.19228,1.19057,1.19085
1.19087,1.19212,1.18974,1.18995
1.18998,1.19114,1.1878,1.18807
1.18807,1.19098,1.18758,1.18939
1.18941,1.19038,1.18906,1.18906
1.18927,1.19048,1.18927,1.18983
1.18982,1.19072,1.18948,1.18979
1.18979,1.19061,1.18832,1.18842
1.18841,1.18963,1.18744,1.18804
1.18804,1.18806,1.18433,1.18467
1.18467,1.18594,1.18442,1.18511
1.18531,1.18586,1.18446,1.1847
1.18471,1.18524,1.18445,1.18472
1.18472,1.18583,1.18355,1.18429
1.18427,1.18824,1.18385,1.18766
1.18766,1.18804,1.18452,1.1847
1.18471,1.18528,1.1839,1.18444
