idx,pred1_open,pred1_high,pred1_low,pred1_close,true1_open,true1_high,true1_low,true1_close,pred2_open,pred2_high,pred2_low,pred2_close,true2_open,true2_high,true2_low,true2_close
0,1.0811038,1.0818714,1.0795133,1.0808004,1.08115,1.08373,1.08036,1.08328,1.0806673,1.0814174,1.0790734,1.0803163,1.08328,1.0881,1.08144,1.08634
1,1.082759,1.0834908,1.0811762,1.0823096,1.08328,1.0881,1.08144,1.08634,1.0822963,1.0830098,1.0807306,1.0818375,1.08631,1.0945,1.08585,1.09438
2,1.0855775,1.08633,1.0839719,1.0849762,1.08631,1.0945,1.08585,1.09438,1.0850837,1.0858054,1.0834482,1.084563,1.09436,1.09524,1.09394,1.09449
3,1.093042,1.0941321,1.0912391,1.0921987,1.09436,1.09524,1.09394,1.09449,1.0927151,1.0936902,1.0909512,1.0920753,1.09444,1.09513,1.09399,1.09419
4,1.0943415,1.0952938,1.0925553,1.0936022,1.09444,1.09513,1.09399,1.09419,1.093656,1.0947134,1.0918853,1.0931879,1.09419,1.09481,1.09355,1.09388
5,1.0943254,1.0953567,1.0925541,1.0938101,1.09419,1.09481,1.09355,1.09388,1.0936686,1.0948027,1.0919507,1.0933329,1.09388,1.09622,1.09338,1.09506
6,1.0939138,1.0950189,1.0922011,1.0935485,1.09388,1.09622,1.09338,1.09506,1.0933796,1.0944893,1.0917006,1.093075,1.09505,1.09705,1.09395,1.09508
7,1.0949235,1.0960557,1.093216,1.0945393,1.09505,1.09705,1.09395,1.09508,1.0944434,1.0955184,1.0927825,1.0940893,1.09509,1.09669,1.09177,1.09338
8,1.095014,1.0960988,1.09334,1.0946326,1.09509,1.09669,1.09177,1.09338,1.0944823,1.0954899,1.0928471,1.0941172,1.09338,1.09454,1.0932,1.09404
9,1.0933416,1.0943998,1.0916878,1.093051,1.09338,1.09454,1.0932,1.09404,1.092794,1.0937665,1.0911846,1.0924733,1.09326,1.09463,1.09295,1.09367
10,1.0937676,1.094706,1.0921688,1.09339,1.09326,1.09463,1.09295,1.09367,1.0932871,1.0941437,1.0917436,1.0929061,1.09367,1.09407,1.09322,1.09347
11,1.0938706,1.094724,1.0923399,1.09346,1.09367,1.09407,1.09322,1.09347,1.0933094,1.0941,1.0918741,1.0929044,1.09346,1.09413,1.09251,1.09295
12,1.0934889,1.0942526,1.0920645,1.093063,1.09346,1.09413,1.09251,1.09295,1.0929188,1.0936319,1.0915909,1.0924667,1.09296,1.09296,1.09071,1.09259
13,1.0929196,1.0936219,1.0915939,1.0924617,1.09296,1.09296,1.09071,1.09259,1.092426,1.0929804,1.0910388,1.09187,1.09259,1.09288,1.09122,1.09162
14,1.0922631,1.0928186,1.0908796,1.0917183,1.09259,1.09288,1.09122,1.09162,1.0916536,1.0921781,1.0902613,1.0910408,1.09162,1.0922,1.09157,1.09199
15,1.0914909,1.0920002,1.0900863,1.0908756,1.09162,1.0922,1.09157,1.09199,1.0909373,1.0913997,1.0894209,1.0902596,1.09202,1.09262,1.09146,1.09201
16,1.0919433,1.0923662,1.0904548,1.091221,1.09202,1.09262,1.09146,1.09201,1.0913215,1.0917902,1.0897982,1.0906513,1.09198,1.09238,1.09108,1.09137
17,1.0920538,1.0924978,1.090551,1.0913515,1.09198,1.09238,1.09108,1.09137,1.0914382,1.0919518,1.0899266,1.0908628,1.09137,1.09462,1.09118,1.09379
18,1.0915616,1.0920644,1.0900586,1.0909789,1.09137,1.09462,1.09118,1.09379,1.0909245,1.0915829,1.0895609,1.0905114,1.09379,1.09399,1.09119,1.09189
19,1.093448,1.094142,1.0921617,1.0929799,1.09379,1.09399,1.09119,1.09189,1.0931275,1.0937946,1.0917808,1.0926737,1.09192,1.09245,1.08921,1.0915
20,1.0920172,1.0926903,1.0906205,1.0915942,1.09192,1.09245,1.08921,1.0915,1.0915291,1.0922245,1.0901204,1.0911475,1.0915,1.09176,1.09096,1.09176
21,1.0912362,1.0919595,1.0898209,1.0908759,1.0915,1.09176,1.09096,1.09176,1.090809,1.0915368,1.089392,1.0904514,1.09174,1.09224,1.09147,1.0916
22,1.0914886,1.09218,1.0901036,1.0911036,1.09174,1.09224,1.09147,1.0916,1.0910981,1.0918198,1.089743,1.0907476,1.09159,1.09209,1.09119,1.0916
23,1.0915705,1.0922543,1.0902281,1.0911918,1.09159,1.09209,1.09119,1.0916,1.0911548,1.0918571,1.0898308,1.0907987,1.09161,1.09336,1.09055,1.09248
24,1.0915883,1.0922658,1.0902822,1.0912099,1.09161,1.09336,1.09055,1.09248,1.091213,1.0918665,1.0898712,1.0908378,1.09248,1.09297,1.09084,1.09247
25,1.0922225,1.0928893,1.0909073,1.0918248,1.09248,1.09297,1.09084,1.09247,1.0918541,1.0925229,1.090526,1.0914819,1.09246,1.09737,1.09104,1.09706
26,1.0921707,1.0928353,1.0908488,1.0917878,1.09246,1.09737,1.09104,1.09706,1.0917898,1.0924734,1.090467,1.0914409,1.09703,1.09909,1.09671,1.09864
27,1.095992,1.0968108,1.0947143,1.0955379,1.09703,1.09909,1.09671,1.09864,1.095773,1.096542,1.0944271,1.0953445,1.09861,1.09923,1.09825,1.09884
28,1.0982287,1.0990409,1.0968816,1.0977076,1.09861,1.09923,1.09825,1.09884,1.097781,1.0986019,1.0963686,1.097368,1.09884,1.09947,1.09866,1.09871
29,1.0987217,1.0995334,1.0973202,1.0982671,1.09884,1.09947,1.09866,1.09871,1.0982533,1.0991002,1.096819,1.0979027,1.09871,1.10036,1.09795,1.09929
30,1.098757,1.09958,1.0973318,1.098375,1.09871,1.10036,1.09795,1.09929,1.0983952,1.0992451,1.0969548,1.0980933,1.09927,1.10122,1.09804,1.09822
31,1.0992944,1.1001617,1.0978615,1.0989641,1.09927,1.10122,1.09804,1.09822,1.0989387,1.0998132,1.0975214,1.0986589,1.09822,1.09888,1.09484,1.09546
32,1.098575,1.0994631,1.0971364,1.0983094,1.09822,1.09888,1.09484,1.09546,1.0981929,1.0990674,1.0967939,1.0979489,1.09546,1.09616,1.095,1.09547
33,1.095883,1.0968044,1.0944202,1.0957227,1.09546,1.09616,1.095,1.09547,1.0954561,1.0963068,1.0940573,1.0952637,1.0955,1.09585,1.09526,1.09552
34,1.095517,1.0963539,1.0941365,1.0953175,1.0955,1.09585,1.09526,1.09552,1.0950984,1.0958798,1.0938344,1.0948527,1.09552,1.09563,1.09288,1.0933
35,1.0953934,1.0961431,1.0941446,1.0951239,1.09552,1.09563,1.09288,1.0933,1.0950065,1.095646,1.0937431,1.0946281,1.0933,1.0934,1.08484,1.08491
36,1.0934254,1.0940819,1.0921085,1.0930922,1.0933,1.0934,1.08484,1.08491,1.0928952,1.093506,1.0915995,1.0924873,1.08491,1.08956,1.08443,1.08874
37,1.0865234,1.0874386,1.084758,1.0862383,1.08491,1.08956,1.08443,1.08874,1.0858041,1.0866474,1.0840626,1.0853989,1.08874,1.09023,1.08788,1.08857
38,1.0882456,1.0891113,1.0866783,1.0878419,1.08874,1.09023,1.08788,1.08857,1.0879242,1.0887256,1.0862966,1.0873554,1.0886,1.08963,1.08858,1.08944
39,1.088512,1.0892863,1.0869015,1.0879135,1.0886,1.08963,1.08858,1.08944,1.0879458,1.0886998,1.0862073,1.0872836,1.09008,1.09094,1.08925,1.09053
40,1.089241,1.0899509,1.0875777,1.088542,1.09008,1.09094,1.08925,1.09053,1.0885456,1.089244,1.0867531,1.0878242,1.09053,1.09098,1.08997,1.09024
41,1.0898827,1.0905268,1.0881447,1.0891167,1.09053,1.09098,1.08997,1.09024,1.0892143,1.0898868,1.0873582,1.0885056,1.09024,1.09109,1.08872,1.0892
42,1.0900139,1.0906293,1.0881897,1.0892658,1.09024,1.09109,1.08872,1.0892,1.0893341,1.0900999,1.0875902,1.0887618,1.08919,1.092,1.08907,1.09175
43,1.0893292,1.0900846,1.0875711,1.0887455,1.08919,1.092,1.08907,1.09175,1.0887543,1.0896091,1.0870819,1.0882963,1.09171,1.09199,1.08997,1.09086
44,1.0913383,1.0921808,1.0898038,1.0908467,1.09171,1.09199,1.08997,1.09086,1.0910296,1.0918847,1.089508,1.0906285,1.09087,1.09153,1.09038,1.09042
45,1.0908535,1.0916888,1.0893193,1.0904484,1.09087,1.09153,1.09038,1.09042,1.0904329,1.0913125,1.0889362,1.0901319,1.09042,1.09123,1.09018,1.09044
46,1.0905714,1.0914239,1.0890828,1.0902556,1.09042,1.09123,1.09018,1.09044,1.0902215,1.0911222,1.0888124,1.0899831,1.09044,1.09349,1.09038,1.09232
47,1.0906086,1.0914845,1.0892208,1.0903536,1.09044,1.09349,1.09038,1.09232,1.0902942,1.0911651,1.0889615,1.0900712,1.09233,1.09437,1.09161,1.09395
48,1.0921768,1.0930725,1.0908837,1.0919058,1.09233,1.09437,1.09161,1.09395,1.0919852,1.0928087,1.0906519,1.0917089,1.09393,1.0972,1.0926,1.09653
49,1.0936122,1.0944746,1.0923079,1.0932914,1.09393,1.0972,1.0926,1.09653,1.0933139,1.0941392,1.0920111,1.0930328,1.09657,1.09767,1.09422,1.09587
50,1.0958843,1.096828,1.0945888,1.0955355,1.09657,1.09767,1.09422,1.09587,1.0956142,1.0965166,1.094302,1.0952859,1.09586,1.09639,1.0955,1.096
51,1.0955497,1.0964558,1.0942197,1.0952266,1.09586,1.09639,1.0955,1.096,1.0951658,1.0960629,1.0938057,1.0948226,1.09598,1.09622,1.09527,1.09546
52,1.0957843,1.096649,1.0944331,1.095403,1.09598,1.09622,1.09527,1.09546,1.0954702,1.0962082,1.0939518,1.0950494,1.09547,1.09562,1.09423,1.09487
53,1.0955114,1.0962176,1.0939974,1.095075,1.09547,1.09562,1.09423,1.09487,1.0949626,1.0957246,1.0935466,1.0946333,1.09487,1.09605,1.0936,1.09528
54,1.0948088,1.095554,1.0933973,1.094478,1.09487,1.09605,1.0936,1.09528,1.0943892,1.0950959,1.093008,1.0940672,1.09522,1.09622,1.09261,1.09277
55,1.0950277,1.0957437,1.0936568,1.0946882,1.09522,1.09622,1.09261,1.09277,1.0946461,1.0953379,1.0933144,1.0943115,1.09276,1.09443,1.08969,1.09108
56,1.0930508,1.0937747,1.0916511,1.0927675,1.09276,1.09443,1.08969,1.09108,1.0925791,1.0932871,1.0912395,1.0922726,1.09108,1.09236,1.09098,1.09121
57,1.0913159,1.0920986,1.0899235,1.0910677,1.09108,1.09236,1.09098,1.09121,1.0908456,1.0915883,1.0894935,1.0905058,1.09122,1.09187,1.09012,1.09069
58,1.0912747,1.0920048,1.0899384,1.0909184,1.09122,1.09187,1.09012,1.09069,1.0908841,1.0915557,1.089507,1.090444,1.09069,1.09143,1.08808,1.08853
59,1.0907717,1.0914396,1.0893918,1.090332,1.09069,1.09143,1.08808,1.08853,1.0901916,1.0908823,1.0888389,1.0897349,1.08854,1.09217,1.0884,1.09145
60,1.0888063,1.0895432,1.0873756,1.0883882,1.08854,1.09217,1.0884,1.09145,1.0882369,1.0889642,1.0867532,1.0877566,1.09145,1.09413,1.08732,1.0881
61,1.0909165,1.0916641,1.0895429,1.0903785,1.09145,1.09413,1.08732,1.0881,1.0905347,1.0912213,1.0890282,1.0899448,1.0881,1.08965,1.08602,1.08707
62,1.0886306,1.0894029,1.086964,1.0880873,1.0881,1.08965,1.08602,1.08707,1.0880517,1.0888429,1.0863181,1.0875356,1.08706,1.08749,1.08635,1.08636
63,1.087495,1.0883358,1.0857306,1.087004,1.08706,1.08749,1.08635,1.08636,1.0868428,1.0877178,1.0850894,1.0863774,1.08635,1.08739,1.08619,1.08722
64,1.0866317,1.0874951,1.0848852,1.0861671,1.08635,1.08739,1.08619,1.08722,1.0861596,1.0870645,1.0844462,1.0857238,1.08722,1.08754,1.08603,1.08698
65,1.0872046,1.0880789,1.0855643,1.086741,1.08722,1.08754,1.08603,1.08698,1.0866902,1.0875995,1.0850972,1.0862647,1.08698,1.08754,1.08352,1.0837
66,1.086852,1.0877386,1.0852789,1.0864202,1.08698,1.08754,1.08352,1.0837,1.0864279,1.0873071,1.0848408,1.0860096,1.0837,1.08977,1.08359,1.08963
67,1.0841901,1.0851451,1.0824602,1.0838141,1.0837,1.08977,1.08359,1.08963,1.0836401,1.0846199,1.0819795,1.0832951,1.08963,1.09318,1.08961,1.09183
68,1.088613,1.0896292,1.0871441,1.0881811,1.08963,1.09318,1.08961,1.09183,1.0884717,1.0893797,1.0869303,1.0880128,1.09184,1.09228,1.09077,1.09098
69,1.0914079,1.092324,1.0899072,1.0908535,1.09184,1.09228,1.09077,1.09098,1.0909401,1.0918067,1.0893749,1.0904849,1.09105,1.09128,1.09006,1.09016
70,1.0909549,1.0917923,1.0893857,1.090486,1.09105,1.09128,1.09006,1.09016,1.0904629,1.0913324,1.0889045,1.0901129,1.09016,1.09181,1.09012,1.09175
71,1.0902522,1.0910919,1.0886915,1.0898973,1.09016,1.09181,1.09012,1.09175,1.0897871,1.0906229,1.0882332,1.0894781,1.09175,1.09181,1.08699,1.08861
72,1.0915353,1.0923629,1.0900327,1.0911654,1.09175,1.09181,1.08699,1.08861,1.0912296,1.0920424,1.0897236,1.0908949,1.08861,1.09096,1.08761,1.09088
73,1.0887138,1.0895681,1.087125,1.0884728,1.08861,1.09096,1.08761,1.09088,1.0882871,1.0891622,1.0868068,1.0880747,1.09088,1.09339,1.09018,1.09157
74,1.0902013,1.091089,1.0887704,1.0899354,1.09088,1.09339,1.09018,1.09157,1.0899533,1.0907993,1.0885572,1.0896443,1.09157,1.09163,1.09083,1.09139
75,1.0913453,1.0921959,1.0899435,1.0909799,1.09157,1.09163,1.09083,1.09139,1.0909784,1.0917754,1.0895356,1.0906276,1.0913,1.09156,1.09086,1.09098
76,1.091239,1.0919983,1.089807,1.0908643,1.0913,1.09156,1.09086,1.09098,1.0907439,1.0915568,1.0894034,1.0904307,1.09099,1.09163,1.09006,1.09006
77,1.0909274,1.0917081,1.0895957,1.0905939,1.09099,1.09163,1.09006,1.09006,1.0904905,1.0911957,1.0891151,1.0901209,1.09006,1.09148,1.08919,1.08954
78,1.0901594,1.0908524,1.0887754,1.089795,1.09006,1.09148,1.08919,1.08954,1.0897022,1.0903605,1.0883142,1.0893155,1.08954,1.09037,1.08895,1.09005
79,1.0897267,1.0903913,1.0883305,1.0893395,1.08954,1.09037,1.08895,1.09005,1.0892953,1.089949,1.0878874,1.0888681,1.09005,1.09073,1.0892,1.08944
80,1.0899807,1.0906222,1.0885983,1.089528,1.09005,1.09073,1.0892,1.08944,1.0895013,1.0901455,1.0881196,1.0890216,1.08944,1.08971,1.08763,1.08774
81,1.0895319,1.0901632,1.0881473,1.0890446,1.08944,1.08971,1.08763,1.08774,1.0890148,1.0896528,1.0876135,1.0885068,1.08782,1.08907,1.08764,1.08867
82,1.0880332,1.0886889,1.0866019,1.0875574,1.08782,1.08907,1.08764,1.08867,1.0875393,1.0881486,1.0860106,1.0870374,1.08867,1.08871,1.08748,1.08756
83,1.0886359,1.0892326,1.0871584,1.0881014,1.08867,1.08871,1.08748,1.08756,1.0880996,1.0887845,1.0867114,1.0876749,1.08756,1.09079,1.08661,1.0888
84,1.0877166,1.0883857,1.0863177,1.0872959,1.08756,1.09079,1.08661,1.0888,1.0872165,1.0879339,1.0858616,1.0868324,1.08879,1.09019,1.08753,1.08942
85,1.0886266,1.0893782,1.0872978,1.0882072,1.08879,1.09019,1.08753,1.08942,1.0882709,1.0889938,1.0868883,1.0878377,1.08941,1.09013,1.0859,1.08608
86,1.0891689,1.0898931,1.087809,1.0887107,1.08941,1.09013,1.0859,1.08608,1.0887284,1.0894194,1.0872914,1.088275,1.08609,1.08653,1.08508,1.08527
87,1.086556,1.0873078,1.0850073,1.0861692,1.08609,1.08653,1.08508,1.08527,1.0859354,1.0867552,1.0844407,1.0855771,1.08529,1.08572,1.08461,1.08489
88,1.0854769,1.0863023,1.0839771,1.0851318,1.08529,1.08572,1.08461,1.08489,1.085053,1.0858275,1.0834966,1.084657,1.0849,1.08534,1.08336,1.08431
89,1.0850272,1.0857825,1.0834807,1.0846256,1.0849,1.08534,1.08336,1.08431,1.0845835,1.0853914,1.0830985,1.0842061,1.08432,1.08752,1.08415,1.08641
90,1.0843573,1.0851662,1.0828695,1.083988,1.08432,1.08752,1.08415,1.08641,1.0838699,1.0846943,1.0824082,1.0835017,1.08641,1.09006,1.08583,1.08738
91,1.086021,1.0868458,1.0846307,1.0855922,1.08641,1.09006,1.08583,1.08738,1.0857042,1.0864929,1.0842545,1.0852643,1.08743,1.08877,1.08336,1.08725
92,1.0873183,1.0881158,1.0858836,1.0868256,1.08743,1.08877,1.08336,1.08725,1.0868496,1.0876168,1.0853441,1.086394,1.08725,1.08919,1.08723,1.08918
93,1.0867097,1.0875417,1.0851866,1.086285,1.08725,1.08919,1.08723,1.08918,1.0862598,1.0870711,1.084692,1.0858481,1.08906,1.0895,1.08823,1.0885
94,1.0885518,1.0893216,1.0870335,1.088052,1.08906,1.0895,1.08823,1.0885,1.0881717,1.0889343,1.0866245,1.0877411,1.0885,1.0895,1.08834,1.08911
95,1.0884709,1.0891923,1.0869207,1.0880132,1.0885,1.0895,1.08834,1.08911,1.087954,1.0887231,1.0864332,1.0875884,1.08915,1.09003,1.08669,1.08776
96,1.0889816,1.0897244,1.087489,1.0885694,1.08915,1.09003,1.08669,1.08776,1.0885922,1.08935,1.0871128,1.0882324,1.08776,1.09314,1.087,1.09112
97,1.0878153,1.0885952,1.0863029,1.0874884,1.08776,1.09314,1.087,1.09112,1.087423,1.0882028,1.0859244,1.0871167,1.09112,1.09727,1.08952,1.09716
98,1.0906324,1.091485,1.089164,1.0902355,1.09112,1.09727,1.08952,1.09716,1.0904136,1.0912566,1.0889392,1.0900463,1.09714,1.09732,1.09632,1.09679
99,1.0960934,1.0971874,1.0945717,1.0955398,1.09714,1.09732,1.09632,1.09679,1.0958365,1.0968318,1.0942752,1.0953705,1.0958,1.09696,1.0957,1.09642
100,1.096562,1.0975115,1.0949986,1.0960459,1.0958,1.09696,1.0957,1.09642,1.0959706,1.0969864,1.0944213,1.0956373,1.09641,1.09692,1.09525,1.0953
101,1.0967671,1.0978003,1.0952287,1.0963964,1.09641,1.09692,1.09525,1.0953,1.0963404,1.0974061,1.0948434,1.0960504,1.09531,1.09656,1.0945,1.09647
102,1.0955914,1.0966432,1.0941046,1.0953271,1.09531,1.09656,1.0945,1.09647,1.0952209,1.0962151,1.0937003,1.0949377,1.09646,1.09733,1.09434,1.09469
103,1.096248,1.0972521,1.0947409,1.0959232,1.09646,1.09733,1.09434,1.09469,1.0958961,1.0968132,1.0943974,1.09554,1.0947,1.09927,1.0947,1.09892
104,1.0948131,1.0957236,1.093298,1.0945003,1.0947,1.09927,1.0947,1.09892,1.0943415,1.0951816,1.0928574,1.094,1.09892,1.10014,1.09874,1.10007
105,1.098256,1.0992005,1.0967548,1.0977739,1.09892,1.10014,1.09874,1.10007,1.0979143,1.0987309,1.0964164,1.0974284,1.10006,1.10087,1.09936,1.10066
106,1.0997405,1.1005595,1.0982243,1.0991666,1.10006,1.10087,1.09936,1.10066,1.0990937,1.0999008,1.097625,1.0986211,1.10067,1.102,1.10057,1.10197
107,1.1002642,1.1010681,1.0987939,1.0997381,1.10067,1.102,1.10057,1.10197,1.0997245,1.100557,1.0982751,1.0992733,1.10197,1.1027,1.10023,1.10029
108,1.1015688,1.1023902,1.1001012,1.1010325,1.10197,1.1027,1.10023,1.10029,1.1011127,1.1019293,1.0996472,1.1006504,1.1003,1.10126,1.09769,1.09818
109,1.1004263,1.1012253,1.0989505,1.099985,1.1003,1.10126,1.09769,1.09818,1.0998827,1.1006927,1.0984539,1.0994867,1.09816,1.10031,1.09782,1.10024
110,1.0984257,1.0992609,1.0969619,1.0980875,1.09816,1.10031,1.09782,1.10024,1.0979456,1.0987148,1.0964818,1.097556,1.10024,1.10091,1.09974,1.10078
111,1.099901,1.1006917,1.0984788,1.0994575,1.10024,1.10091,1.09974,1.10078,1.0995315,1.1002275,1.0981082,1.099032,1.10069,1.10214,1.10039,1.10186
112,1.1005226,1.1011989,1.0991205,1.0999835,1.10069,1.10214,1.10039,1.10186,1.1000142,1.1005837,1.0985503,1.0994661,1.10186,1.10368,1.10184,1.10361
113,1.1015743,1.1021552,1.1001402,1.1009823,1.10186,1.10368,1.10184,1.10361,1.1010345,1.1016307,1.099631,1.1005557,1.10361,1.10362,1.10205,1.10222
114,1.1032417,1.1038761,1.1018654,1.1027039,1.10361,1.10362,1.10205,1.10222,1.1027142,1.1034094,1.1014452,1.1023142,1.10219,1.10718,1.10136,1.10583
115,1.102202,1.1028684,1.1009189,1.1018043,1.10219,1.10718,1.10136,1.10583,1.1017429,1.1024147,1.1004351,1.1013511,1.10583,1.11336,1.10563,1.11319
116,1.1053374,1.1061804,1.104028,1.1048976,1.10583,1.11336,1.10563,1.11319,1.1051024,1.1058868,1.103761,1.104667,1.11318,1.11402,1.11245,1.11309
117,1.1130245,1.114502,1.1112859,1.1126899,1.11318,1.11402,1.11245,1.11309,1.1130435,1.1140615,1.1113632,1.1125282,1.11303,1.1145,1.11272,1.11382
118,1.1134509,1.1144546,1.1117578,1.1129241,1.11303,1.1145,1.11272,1.11382,1.1130413,1.1140617,1.1114488,1.1126362,1.11383,1.11487,1.11364,1.11409
119,1.1143185,1.11538,1.1126534,1.1138914,1.11383,1.11487,1.11364,1.11409,1.1140194,1.1150764,1.1124078,1.1137173,1.11409,1.11701,1.11299,1.11608
120,1.1146221,1.1156904,1.1129862,1.1142958,1.11409,1.11701,1.11299,1.11608,1.1143461,1.1154885,1.1128564,1.1141995,1.11608,1.11895,1.1155,1.11797
121,1.1163874,1.117628,1.1147721,1.116218,1.11608,1.11895,1.1155,1.11797,1.1163343,1.1175364,1.1148134,1.1162106,1.11796,1.12088,1.11762,1.12058
122,1.1184839,1.1197991,1.1167852,1.1183486,1.11796,1.12088,1.11762,1.12058,1.1183695,1.1195581,1.1167811,1.1182353,1.12058,1.12279,1.12022,1.12255
123,1.1211984,1.122735,1.1193577,1.1211404,1.12058,1.12279,1.12022,1.12255,1.1211348,1.1223507,1.1194263,1.1209798,1.12239,1.12297,1.12133,1.12226
124,1.1231253,1.1247294,1.1212403,1.1230683,1.12239,1.12297,1.12133,1.12226,1.1229957,1.1241499,1.1211845,1.122768,1.12226,1.12429,1.12221,1.1233
125,1.12259,1.1237144,1.1208165,1.1223571,1.12226,1.12429,1.12221,1.1233,1.1222236,1.1231704,1.1205164,1.1219511,1.1233,1.12358,1.12041,1.12311
126,1.1236894,1.1247422,1.1218549,1.1234189,1.1233,1.12358,1.12041,1.12311,1.12329,1.1242013,1.1216087,1.1230077,1.12311,1.12448,1.12101,1.12257
127,1.1228648,1.1237843,1.1212078,1.1226047,1.12311,1.12448,1.12101,1.12257,1.1226168,1.1234436,1.1209894,1.1223248,1.12257,1.12443,1.12151,1.12397
128,1.1224648,1.1232977,1.120844,1.1221769,1.12257,1.12443,1.12151,1.12397,1.1221155,1.1228873,1.1205264,1.1218208,1.12396,1.12396,1.1222,1.12245
129,1.1238741,1.1246839,1.122157,1.1235573,1.12396,1.12396,1.1222,1.12245,1.1234974,1.1241922,1.1218487,1.123142,1.1223,1.12309,1.12218,1.12245
130,1.1224507,1.1231284,1.120877,1.122104,1.1223,1.12309,1.12218,1.12245,1.1220139,1.1226052,1.120405,1.1216414,1.12247,1.12285,1.12145,1.12268
131,1.1226102,1.1231894,1.1210021,1.1222303,1.12247,1.12285,1.12145,1.12268,1.1221668,1.1227585,1.1206528,1.1218426,1.12268,1.12488,1.12219,1.12378
132,1.1226293,1.1232173,1.1211249,1.1223104,1.12268,1.12488,1.12219,1.12378,1.1221834,1.1228391,1.1208404,1.1219074,1.12377,1.12447,1.12207,1.12355
133,1.1236662,1.1243411,1.122294,1.1234125,1.12377,1.12447,1.12207,1.12355,1.1233387,1.1239398,1.121946,1.1230245,1.12355,1.12382,1.12031,1.1233
134,1.1233574,1.1239609,1.1219616,1.1230457,1.12355,1.12382,1.12031,1.1233,1.1230328,1.123624,1.1216346,1.12269,1.12329,1.1246,1.1232,1.12391
135,1.122803,1.1234125,1.1213987,1.1224734,1.12329,1.1246,1.1232,1.12391,1.1226025,1.123219,1.1211894,1.1222568,1.12382,1.12464,1.12345,1.1242
136,1.1238773,1.1244651,1.1224601,1.1235405,1.12382,1.12464,1.12345,1.1242,1.1235821,1.1242088,1.1222029,1.1232668,1.12421,1.12561,1.12386,1.12516
137,1.1243218,1.1249228,1.1229455,1.1240131,1.12421,1.12561,1.12386,1.12516,1.1240284,1.1246966,1.1226971,1.123764,1.12516,1.12756,1.12277,1.12371
138,1.1252344,1.1258907,1.123892,1.1249882,1.12516,1.12756,1.12277,1.12371,1.1249905,1.1257071,1.1237065,1.1247921,1.12371,1.12703,1.1223,1.12398
139,1.1239833,1.1247691,1.1226518,1.1237754,1.12371,1.12703,1.1223,1.12398,1.12381,1.1246736,1.1225302,1.1236538,1.12398,1.12459,1.12088,1.12145
140,1.1242778,1.1251875,1.122985,1.1241525,1.12398,1.12459,1.12088,1.12145,1.1242349,1.125141,1.1229302,1.1241149,1.12146,1.12315,1.12092,1.12276
141,1.1219888,1.1229618,1.1205617,1.1218189,1.12146,1.12315,1.12092,1.12276,1.1217889,1.122779,1.1204383,1.1216334,1.12273,1.12327,1.12252,1.12295
142,1.1228453,1.1238371,1.1215689,1.1227362,1.12273,1.12327,1.12252,1.12295,1.1227881,1.1237051,1.121506,1.1226285,1.12295,1.12312,1.12162,1.12215
143,1.1231242,1.1240182,1.121867,1.1229652,1.12295,1.12312,1.12162,1.12215,1.1228659,1.1237004,1.1215913,1.1226631,1.12215,1.12372,1.11958,1.12324
144,1.1222255,1.1230597,1.1209345,1.1220009,1.12215,1.12372,1.11958,1.12324,1.1219056,1.1227614,1.1206567,1.1216758,1.1232,1.124,1.12087,1.12171
145,1.1227196,1.1235778,1.1215013,1.1225328,1.1232,1.124,1.12087,1.12171,1.1226394,1.1234593,1.1213822,1.1224039,1.1217,1.12244,1.11742,1.1192
146,1.1216863,1.1225272,1.1203594,1.1214173,1.1217,1.12244,1.11742,1.1192,1.1214414,1.1222999,1.1201233,1.121168,1.11921,1.1205,1.11901,1.12022
147,1.1193655,1.1203084,1.1178564,1.119047,1.11921,1.1205,1.11901,1.12022,1.1191589,1.1201108,1.1177179,1.1188498,1.12003,1.12203,1.11939,1.12182
148,1.1203134,1.1212264,1.1189779,1.1200371,1.12003,1.12203,1.11939,1.12182,1.1201506,1.1210543,1.1188508,1.1198424,1.12181,1.1229,1.12155,1.12211
149,1.121797,1.1226937,1.1205887,1.1215574,1.12181,1.1229,1.12155,1.12211,1.1215956,1.1224346,1.1203401,1.1212806,1.12211,1.12232,1.1198,1.12083
150,1.1222115,1.1230274,1.1209779,1.1219066,1.12211,1.12232,1.1198,1.12083,1.1218956,1.1227176,1.1206299,1.1215861,1.12084,1.12167,1.1177,1.11822
151,1.120844,1.1216863,1.1195225,1.1205088,1.12084,1.12167,1.1177,1.11822,1.1205759,1.1214689,1.1192784,1.120283,1.11821,1.11887,1.11183,1.1124
152,1.1187253,1.1196661,1.1172539,1.1183805,1.11821,1.11887,1.11183,1.1124,1.1185076,1.1194744,1.1171144,1.1182088,1.11241,1.11346,1.11218,1.11289
153,1.1134311,1.1147139,1.111539,1.113063,1.11241,1.11346,1.11218,1.11289,1.1129802,1.1141789,1.111254,1.1126078,1.11294,1.11381,1.11292,1.11374
154,1.1134113,1.1145697,1.1117693,1.1130494,1.11294,1.11381,1.11292,1.11374,1.1131561,1.1141789,1.111593,1.1127057,1.11374,1.11417,1.11309,1.11396
155,1.1140132,1.1149887,1.1125642,1.11358,1.11374,1.11417,1.11309,1.11396,1.1135131,1.1144158,1.112101,1.1129937,1.11396,1.11449,1.11213,1.11281
156,1.1139022,1.1147783,1.1125495,1.1133903,1.11396,1.11449,1.11213,1.11281,1.1134204,1.1142143,1.11201,1.1128535,1.11281,1.11343,1.11171,1.11281
157,1.112919,1.1137195,1.1114578,1.112337,1.11281,1.11343,1.11171,1.11281,1.112472,1.1132993,1.1110432,1.1119199,1.11281,1.1138,1.11077,1.11233
158,1.1128426,1.1136566,1.1114627,1.1123034,1.11281,1.1138,1.11077,1.11233,1.1125468,1.1133767,1.1111759,1.1120217,1.11234,1.11302,1.11189,1.1125
159,1.1124868,1.1133269,1.1111056,1.1119673,1.11234,1.11302,1.11189,1.1125,1.1121832,1.1130443,1.1107928,1.1116865,1.11232,1.11328,1.11228,1.11297
160,1.1127267,1.113564,1.1114016,1.1122408,1.11232,1.11328,1.11228,1.11297,1.1124034,1.1132712,1.1110914,1.1119405,1.11298,1.11311,1.11167,1.112
161,1.113249,1.1140991,1.1120306,1.1128081,1.11298,1.11311,1.11167,1.112,1.1129491,1.1137801,1.1116778,1.1124976,1.112,1.11469,1.10657,1.10708
162,1.1123493,1.1131821,1.1110476,1.1118872,1.112,1.11469,1.10657,1.10708,1.1120348,1.1128508,1.1106929,1.111609,1.10708,1.11092,1.10693,1.10877
163,1.1083741,1.109376,1.1066439,1.1079161,1.10708,1.11092,1.10693,1.10877,1.1078895,1.1089035,1.1062819,1.1075135,1.10876,1.11045,1.1069,1.10814
164,1.1092966,1.1103255,1.107831,1.1089817,1.10876,1.11045,1.1069,1.10814,1.1091318,1.1101447,1.1077904,1.1088415,1.10814,1.10845,1.10602,1.1064
165,1.1086661,1.1097085,1.1072822,1.1083798,1.10814,1.10845,1.10602,1.1064,1.1082666,1.1092505,1.1069578,1.1079502,1.10638,1.10702,1.10598,1.10672
166,1.1068991,1.1079044,1.1054777,1.1065633,1.10638,1.10702,1.10598,1.10672,1.1064923,1.1074125,1.105124,1.1061003,1.10673,1.10816,1.1067,1.10702
167,1.1068197,1.1077303,1.1055136,1.1064419,1.10673,1.10816,1.1067,1.10702,1.1064849,1.1072873,1.1051707,1.1060095,1.10702,1.10868,1.10528,1.10647
168,1.1071488,1.1079487,1.1058966,1.1066825,1.10702,1.10868,1.10528,1.10647,1.1068016,1.107473,1.1054204,1.1062622,1.10647,1.10676,1.10387,1.10485
169,1.1067015,1.107397,1.1052969,1.1061691,1.10647,1.10676,1.10387,1.10485,1.1062562,1.1069795,1.1048357,1.1057513,1.10487,1.10547,1.10207,1.10422
170,1.1052042,1.1059519,1.103685,1.1046908,1.10487,1.10547,1.10207,1.10422,1.1047393,1.105528,1.103237,1.1042527,1.10421,1.10552,1.10354,1.10541
171,1.1042744,1.1050947,1.1027356,1.1038014,1.10421,1.10552,1.10354,1.10541,1.1038557,1.104688,1.1023461,1.103379,1.10535,1.10567,1.10441,1.10457
172,1.1051989,1.1060165,1.103817,1.1047434,1.10535,1.10567,1.10441,1.10457,1.1048565,1.1056471,1.1034415,1.1043785,1.10457,1.10531,1.10378,1.1048
173,1.1047256,1.1054978,1.1033033,1.1042353,1.10457,1.10531,1.10378,1.1048,1.1042852,1.1050549,1.1028707,1.1038198,1.10481,1.10775,1.10474,1.10755
174,1.1048069,1.1055772,1.1034477,1.1043525,1.10481,1.10775,1.10474,1.10755,1.1044421,1.1052004,1.1030805,1.104008,1.10756,1.10861,1.10573,1.10681
175,1.1071049,1.1079404,1.1059065,1.1067095,1.10756,1.10861,1.10573,1.10681,1.1068907,1.1076872,1.1056514,1.1065074,1.10682,1.10822,1.10575,1.10718
176,1.1067814,1.1075743,1.1055135,1.1063911,1.10682,1.10822,1.10575,1.10718,1.1064229,1.107238,1.1051579,1.106076,1.10718,1.11067,1.10565,1.10856
177,1.107078,1.1079092,1.1058418,1.1067364,1.10718,1.11067,1.10565,1.10856,1.106858,1.1076895,1.1056226,1.106524,1.10843,1.1089,1.10773,1.10864
178,1.1083992,1.109309,1.1071992,1.1080904,1.10843,1.1089,1.10773,1.10864,1.1082624,1.1090715,1.1069582,1.1079328,1.10864,1.1118,1.10864,1.1096
179,1.1086984,1.109497,1.1074233,1.1083655,1.10864,1.1118,1.10864,1.1096,1.1083744,1.1092095,1.1071259,1.1080999,1.1096,1.11394,1.1088,1.11391
180,1.1097897,1.1106721,1.1085732,1.1095215,1.1096,1.11394,1.1088,1.11391,1.1095673,1.1104386,1.1083307,1.1093186,1.11392,1.11496,1.10472,1.10592
181,1.1137432,1.1148231,1.1124682,1.1135179,1.11392,1.11496,1.10472,1.10592,1.1135718,1.1145298,1.1122961,1.1133364,1.10591,1.10654,1.09838,1.09901
182,1.1066287,1.1076052,1.1050034,1.1064153,1.10591,1.10654,1.09838,1.09901,1.1059455,1.1069678,1.1044288,1.1057842,1.09903,1.10107,1.09658,1.09754
183,1.1002133,1.1015732,1.098219,1.1000816,1.09903,1.10107,1.09658,1.09754,1.0997499,1.100882,1.0979139,1.0995057,1.09753,1.09835,1.09753,1.09803
184,1.0983698,1.099602,1.0964136,1.0981406,1.09753,1.09835,1.09753,1.09803,1.0978196,1.0988337,1.0959728,1.0973948,1.09803,1.09887,1.09595,1.09727
185,1.0981984,1.0991826,1.0964273,1.0977824,1.09803,1.09887,1.09595,1.09727,1.0977312,1.0985835,1.095973,1.097147,1.09727,1.09913,1.09436,1.09597
186,1.09737,1.0982357,1.0955806,1.0967872,1.09727,1.09913,1.09436,1.09597,1.0966736,1.0974836,1.0948541,1.0959857,1.09597,1.10333,1.09565,1.10092
187,1.0961013,1.096963,1.0942004,1.095415,1.09597,1.10333,1.09565,1.10092,1.0954316,1.0963328,1.0934995,1.0946938,1.10093,1.10475,1.09929,1.10254
188,1.099979,1.1009035,1.0983666,1.0992914,1.10093,1.10475,1.09929,1.10254,1.0995826,1.1004114,1.0977776,1.098823,1.10254,1.10298,1.10123,1.10135
189,1.1019,1.1027652,1.1002002,1.1011521,1.10254,1.10298,1.10123,1.10135,1.101288,1.1021249,1.0994023,1.1005594,1.10136,1.10283,1.10124,1.1022
190,1.1013054,1.1021183,1.0994061,1.1005542,1.10136,1.10283,1.10124,1.1022,1.1006607,1.1015818,1.0987645,1.1000415,1.1022,1.10264,1.10057,1.10059
191,1.1021537,1.1030633,1.1003759,1.1015323,1.1022,1.10264,1.10057,1.10059,1.1017684,1.1027118,1.0999869,1.1012366,1.10059,1.10359,1.10053,1.10341
192,1.1010503,1.10198,1.0992156,1.1005064,1.10059,1.10359,1.10053,1.10341,1.1005813,1.1015724,1.0988386,1.1001683,1.10343,1.10402,1.10189,1.1028
193,1.1032557,1.1042935,1.1016876,1.1028595,1.10343,1.10402,1.10189,1.1028,1.1030227,1.1040525,1.101507,1.102713,1.1028,1.10458,1.10038,1.1007
194,1.1029,1.103912,1.1013771,1.1025833,1.1028,1.10458,1.10038,1.1007,1.1025913,1.103637,1.1011463,1.1023842,1.10069,1.10113,1.09934,1.09968
195,1.1012428,1.102321,1.0997066,1.1010467,1.10069,1.10113,1.09934,1.09968,1.1008987,1.1020174,1.0995346,1.1008173,1.0996,1.1003,1.09883,1.09888
196,1.1000134,1.1011382,1.0986289,1.0999415,1.0996,1.1003,1.09883,1.09888,1.0996962,1.1008241,1.0985657,1.0996279,1.09887,1.09909,1.09803,1.099
197,1.0991019,1.1002264,1.0979595,1.0990365,1.09887,1.09909,1.09803,1.099,1.0988729,1.099725,1.0976899,1.0986084,1.099,1.10002,1.097,1.09746
198,1.0988529,1.0996872,1.0976894,1.0985872,1.099,1.10002,1.097,1.09746,1.0985591,1.0991962,1.0972886,1.0981284,1.09746,1.09844,1.09523,1.09564
199,1.0976329,1.0982888,1.096301,1.0972102,1.09746,1.09844,1.09523,1.09564,1.0971508,1.0977541,1.09579,1.0966583,1.09564,1.09888,1.0956,1.0972
200,1.096002,1.0966451,1.0945637,1.0955217,1.09564,1.09888,1.0956,1.0972,1.0954566,1.096107,1.0940195,1.0949293,1.09719,1.09852,1.09626,1.09838
201,1.0972043,1.097874,1.0958472,1.0966697,1.09719,1.09852,1.09626,1.09838,1.0967828,1.0974102,1.0953429,1.0961919,1.09832,1.10192,1.09804,1.09962
202,1.0980862,1.0987272,1.0967121,1.0974846,1.09832,1.10192,1.09804,1.09962,1.097567,1.0981529,1.0960623,1.0969748,1.09961,1.10071,1.09802,1.09892
203,1.099472,1.1001116,1.0980186,1.0988503,1.09961,1.10071,1.09802,1.09892,1.0989739,1.0996758,1.0975372,1.0984851,1.09892,1.10006,1.0976,1.09842
204,1.099021,1.099731,1.0975747,1.0985311,1.09892,1.10006,1.0976,1.09842,1.0985065,1.0992429,1.097053,1.098074,1.09842,1.09872,1.09574,1.09599
205,1.0985183,1.0992643,1.0970622,1.0980877,1.09842,1.09872,1.09574,1.09599,1.0981483,1.0988902,1.0966734,1.0977497,1.09598,1.09679,1.09177,1.09505
206,1.0964388,1.0972031,1.094857,1.0960494,1.09598,1.09679,1.09177,1.09505,1.0959605,1.0967686,1.0944748,1.0956202,1.09505,1.09577,1.09348,1.09382
207,1.0949484,1.0958241,1.0933918,1.0946442,1.09505,1.09577,1.09348,1.09382,1.0945756,1.0954202,1.0930514,1.0942471,1.09379,1.09456,1.09367,1.09399
208,1.0939814,1.0948284,1.0924089,1.0936466,1.09379,1.09456,1.09367,1.09399,1.0935347,1.0944357,1.0920936,1.0932261,1.09399,1.09491,1.09224,1.09232
209,1.0940585,1.0949316,1.0926646,1.0937384,1.09399,1.09491,1.09224,1.09232,1.0936426,1.0944871,1.0922854,1.0932851,1.09232,1.09432,1.09122,1.09247
210,1.0926466,1.0935128,1.0912198,1.0922921,1.09232,1.09432,1.09122,1.09247,1.0921823,1.0930042,1.0907518,1.0917939,1.09246,1.09561,1.09216,1.09379
211,1.0925425,1.0933824,1.0911267,1.0921565,1.09246,1.09561,1.09216,1.09379,1.0921227,1.0929321,1.0906724,1.0916951,1.09378,1.09628,1.09155,1.09551
212,1.0936872,1.0945089,1.0923015,1.0932381,1.09378,1.09628,1.09155,1.09551,1.0932834,1.0940602,1.0918177,1.0928093,1.09551,1.0957,1.09384,1.09489
213,1.0948453,1.0956676,1.0934364,1.0943693,1.09551,1.0957,1.09384,1.09489,1.0944399,1.0952288,1.0929631,1.0939481,1.09469,1.09554,1.09402,1.09554
214,1.094553,1.0953102,1.093069,1.0940453,1.09469,1.09554,1.09402,1.09554,1.0940795,1.0948257,1.0925417,1.0935963,1.09554,1.09615,1.09493,1.09504
215,1.0952508,1.09598,1.0937653,1.0947397,1.09554,1.09615,1.09493,1.09504,1.0948564,1.0955701,1.0933113,1.094389,1.09504,1.09583,1.09376,1.09402
216,1.0951449,1.0958332,1.0936043,1.0946566,1.09504,1.09583,1.09376,1.09402,1.0947008,1.0954344,1.0932044,1.0943198,1.09401,1.09979,1.09346,1.09885
217,1.0943297,1.0950633,1.0928156,1.0939525,1.09401,1.09979,1.09346,1.09885,1.0939149,1.0947015,1.0924774,1.0936232,1.09884,1.10419,1.09861,1.10339
218,1.0982019,1.099144,1.0968708,1.0978502,1.09884,1.10419,1.09861,1.10339,1.0980355,1.0989255,1.0967093,1.0977291,1.10339,1.1039,1.10033,1.10036
219,1.1028794,1.1040086,1.1015311,1.1024579,1.10339,1.1039,1.10033,1.10036,1.1026918,1.1037384,1.1012989,1.1023511,1.1011,1.10146,1.10005,1.10099
220,1.1005182,1.1014968,1.0990862,1.100234,1.1011,1.10146,1.10005,1.10099,1.1000493,1.1011045,1.0986106,1.0998558,1.10097,1.10099,1.09917,1.09965
221,1.100465,1.1014858,1.0990311,1.1002456,1.10097,1.10099,1.09917,1.09965,1.1001908,1.1012144,1.0987353,1.0999786,1.09965,1.09974,1.09708,1.09747
222,1.0994242,1.1004133,1.0979474,1.0992194,1.09965,1.09974,1.09708,1.09747,1.0990497,1.1000111,1.0976213,1.0988357,1.09746,1.09962,1.09654,1.09955
223,1.0974846,1.0984381,1.0960059,1.097308,1.09746,1.09962,1.09654,1.09955,1.0970674,1.0979398,1.0956446,1.0968328,1.09955,1.10117,1.09857,1.10006
224,1.0989074,1.099806,1.0975355,1.0986359,1.09955,1.10117,1.09857,1.10006,1.0986122,1.0993999,1.0972689,1.0982513,1.10005,1.101,1.09954,1.1002
225,1.0996213,1.1004075,1.098282,1.099227,1.10005,1.101,1.09954,1.1002,1.0991848,1.0998683,1.0978013,1.0987357,1.1002,1.10056,1.09896,1.09918
226,1.0999408,1.1006068,1.0985658,1.099459,1.1002,1.10056,1.09896,1.09918,1.0994055,1.1000637,1.0980219,1.0989437,1.09918,1.09925,1.09767,1.0992
227,1.0991505,1.0997915,1.097756,1.0986865,1.09918,1.09925,1.09767,1.0992,1.0985886,1.0992309,1.0972213,1.0981553,1.09921,1.1011,1.09737,1.09852
228,1.0988612,1.0994939,1.0975101,1.0984204,1.09921,1.1011,1.09737,1.09852,1.098389,1.0990016,1.0970796,1.0979476,1.09853,1.09863,1.09345,1.0943
229,1.0984335,1.0990732,1.0970968,1.0979956,1.09853,1.09863,1.09345,1.0943,1.0980268,1.0986345,1.0966474,1.0975556,1.0943,1.09576,1.09291,1.09482
230,1.0948045,1.0954909,1.0932355,1.0943955,1.0943,1.09576,1.09291,1.09482,1.0942359,1.0949202,1.0927125,1.0937762,1.09483,1.09619,1.09479,1.09558
231,1.0947165,1.0954196,1.093227,1.094267,1.09483,1.09619,1.09479,1.09558,1.0942382,1.0949173,1.0927192,1.0937138,1.09549,1.09651,1.09501,1.09577
232,1.0954578,1.0961155,1.094005,1.0949118,1.09549,1.09651,1.09501,1.09577,1.0950096,1.0956475,1.0934776,1.0944647,1.09576,1.09707,1.09551,1.09667
233,1.0957606,1.0963887,1.0942711,1.0951997,1.09576,1.09707,1.09551,1.09667,1.0951763,1.0958767,1.0937303,1.0947262,1.09667,1.09886,1.09667,1.09837
234,1.0964353,1.0971309,1.0950541,1.0959677,1.09667,1.09886,1.09667,1.09837,1.0959492,1.0966994,1.0946363,1.09555,1.09837,1.09871,1.0962,1.09815
235,1.0979371,1.0986973,1.0966952,1.0975046,1.09837,1.09871,1.0962,1.09815,1.0976335,1.098329,1.0962826,1.0971991,1.09815,1.09953,1.09716,1.09783
236,1.097791,1.0984833,1.0964416,1.0973554,1.09815,1.09953,1.09716,1.09783,1.0973862,1.0980998,1.0960085,1.0969791,1.09782,1.09916,1.09713,1.0973
237,1.0977737,1.098486,1.0963924,1.0973532,1.09782,1.09916,1.09713,1.0973,1.0974298,1.0981531,1.0960352,1.0970443,1.09738,1.09787,1.09672,1.09708
238,1.0975679,1.0982912,1.096168,1.0971745,1.09738,1.09787,1.09672,1.09708,1.0972178,1.0979217,1.0957892,1.0968646,1.09708,1.09881,1.09676,1.09792
239,1.0972928,1.0979844,1.0958766,1.0969335,1.09708,1.09881,1.09676,1.09792,1.0969038,1.0976382,1.0955577,1.0966105,1.09793,1.10262,1.09785,1.10185
240,1.0979233,1.0986711,1.0966198,1.0976192,1.09793,1.10262,1.09785,1.10185,1.0976335,1.0983771,1.0963516,1.0973498,1.10185,1.10653,1.10103,1.10417
241,1.1012957,1.1021749,1.1000848,1.100956,1.10185,1.10653,1.10103,1.10417,1.1010827,1.1019189,1.0998299,1.1007651,1.10415,1.10457,1.10075,1.10133
242,1.1039284,1.1049176,1.1026644,1.1035593,1.10415,1.10457,1.10075,1.10133,1.1036675,1.1046083,1.1023269,1.1033498,1.10133,1.10141,1.09761,1.09799
243,1.101505,1.1024123,1.1001227,1.1012487,1.10133,1.10141,1.09761,1.09799,1.1010803,1.1020433,1.0997077,1.1008694,1.09802,1.0989,1.09779,1.09878
244,1.0983589,1.0993574,1.0968828,1.0982068,1.09802,1.0989,1.09779,1.09878,1.0978711,1.0988369,1.0964787,1.0976881,1.09878,1.09977,1.09838,1.09851
245,1.0985461,1.099492,1.0971926,1.0983413,1.09878,1.09977,1.09838,1.09851,1.0982851,1.0990585,1.0968864,1.0979515,1.09851,1.10031,1.09839,1.09993
246,1.0985216,1.0992732,1.0971239,1.0981696,1.09851,1.10031,1.09839,1.09993,1.0980972,1.0987607,1.0967095,1.0977014,1.09993,1.10048,1.09658,1.09681
247,1.0996277,1.1003039,1.0982925,1.0992001,1.09993,1.10048,1.09658,1.09681,1.0991873,1.0998106,1.097846,1.0987346,1.09679,1.09837,1.09457,1.09464
248,1.0971367,1.0977824,1.095686,1.0967242,1.09679,1.09837,1.09457,1.09464,1.0965707,1.0972189,1.0951563,1.0961603,1.09464,1.09555,1.09429,1.09444
249,1.0952326,1.0959387,1.0937333,1.0948476,1.09464,1.09555,1.09429,1.09444,1.094686,1.0953987,1.0932391,1.0942845,1.09484,1.09517,1.09361,1.09369
250,1.0947405,1.0954517,1.0933119,1.0943395,1.09484,1.09517,1.09361,1.09369,1.0942769,1.0949935,1.0928689,1.0938333,1.09369,1.09407,1.09291,1.09358
251,1.0938237,1.0945307,1.0923829,1.093373,1.09369,1.09407,1.09291,1.09358,1.0933001,1.0940123,1.0918319,1.0927879,1.09357,1.09602,1.09261,1.09463
252,1.0935378,1.0942343,1.0920979,1.0930228,1.09357,1.09602,1.09261,1.09463,1.0930128,1.093707,1.091525,1.0924505,1.09464,1.0953,1.09021,1.09056
253,1.0943723,1.0950772,1.0929452,1.0938003,1.09464,1.0953,1.09021,1.09056,1.0939106,1.0945902,1.0923923,1.093321,1.09056,1.09359,1.08745,1.09285
254,1.091197,1.0919652,1.0894618,1.0906286,1.09056,1.09359,1.08745,1.09285,1.0905904,1.091407,1.0888138,1.0900517,1.09286,1.09311,1.09027,1.09063
255,1.0921878,1.0930597,1.0905198,1.0916883,1.09286,1.09311,1.09027,1.09063,1.0917945,1.0926723,1.0900877,1.0912939,1.09056,1.09093,1.09015,1.09073
256,1.0907046,1.0915881,1.0888965,1.0901922,1.09056,1.09093,1.09015,1.09073,1.0901681,1.0911528,1.088481,1.0897716,1.09073,1.09175,1.09004,1.09102
257,1.0907105,1.091655,1.0890816,1.0903023,1.09073,1.09175,1.09004,1.09102,1.0901687,1.0911478,1.0886444,1.089795,1.09101,1.09343,1.09062,1.0928
258,1.090841,1.0917935,1.089361,1.0904546,1.09101,1.09343,1.09062,1.0928,1.0904686,1.0913624,1.0889556,1.0900542,1.09279,1.09448,1.08967,1.09218
259,1.0923296,1.093216,1.0909041,1.0918845,1.09279,1.09448,1.08967,1.09218,1.0920299,1.0928305,1.090505,1.0915793,1.09219,1.09523,1.09148,1.09177
260,1.0919479,1.0927786,1.090389,1.0915056,1.09219,1.09523,1.09148,1.09177,1.0915018,1.0923656,1.0899605,1.0911306,1.09177,1.0921,1.0899,1.09036
261,1.0920421,1.0929129,1.0904837,1.091648,1.09177,1.0921,1.0899,1.09036,1.091625,1.0925164,1.0900966,1.091311,1.09033,1.09055,1.08992,1.09029
262,1.0906578,1.0915658,1.0890911,1.0903624,1.09033,1.09055,1.08992,1.09029,1.0902109,1.0911664,1.0887572,1.0899495,1.0903,1.09134,1.08989,1.09133
263,1.0903338,1.0912635,1.0889102,1.0900663,1.0903,1.09134,1.08989,1.09133,1.0899848,1.090852,1.0885664,1.0896755,1.09132,1.09345,1.09105,1.09279
264,1.0910678,1.0919164,1.0897028,1.0907292,1.09132,1.09345,1.09105,1.09279,1.0907428,1.0915321,1.0893548,1.0903834,1.09279,1.09325,1.09018,1.09018
265,1.0924221,1.0932131,1.0910745,1.0920143,1.09279,1.09325,1.09018,1.09018,1.0920881,1.0928571,1.0907212,1.0917109,1.09018,1.09233,1.08861,1.08866
266,1.0905006,1.0912813,1.0890616,1.090167,1.09018,1.09233,1.08861,1.08866,1.0900481,1.0908337,1.088618,1.0897347,1.08867,1.09002,1.08715,1.08786
267,1.0892256,1.090056,1.0877383,1.088936,1.08867,1.09002,1.08715,1.08786,1.088784,1.0896132,1.087333,1.0884812,1.08774,1.08832,1.08663,1.08695
268,1.088224,1.08909,1.086752,1.0879439,1.08774,1.08832,1.08663,1.08695,1.0878386,1.0887121,1.0864389,1.0875138,1.08695,1.08706,1.08616,1.08684
269,1.0872889,1.0881746,1.085881,1.0869824,1.08695,1.08706,1.08616,1.08684,1.0868808,1.087684,1.0854026,1.0864812,1.08684,1.08868,1.08626,1.08726
270,1.0868725,1.0876597,1.0854176,1.0864743,1.08684,1.08868,1.08626,1.08726,1.0863668,1.0871801,1.0849551,1.0859576,1.08724,1.09186,1.08637,1.09061
271,1.0871838,1.0879952,1.0857987,1.0867475,1.08724,1.09186,1.08637,1.09061,1.0867875,1.0875387,1.085303,1.0863041,1.09061,1.09177,1.08667,1.0878
272,1.0899512,1.0907596,1.0885415,1.0893918,1.09061,1.09177,1.08667,1.0878,1.0895847,1.0903169,1.0880717,1.0890454,1.0878,1.08785,1.08564,1.08716
273,1.0879743,1.0887374,1.086363,1.0874823,1.0878,1.08785,1.08564,1.08716,1.0874006,1.0881896,1.0857608,1.0869712,1.087,1.08919,1.0865,1.08896
274,1.0870337,1.0878309,1.0853927,1.0866212,1.087,1.08919,1.0865,1.08896,1.0864575,1.0873054,1.0848787,1.08608,1.08897,1.08938,1.08803,1.08825
275,1.0885103,1.0893476,1.0870111,1.0880777,1.08897,1.08938,1.08803,1.08825,1.0881579,1.0889772,1.0866507,1.0877416,1.08825,1.08871,1.08636,1.08674
276,1.08823,1.0890094,1.0867177,1.087796,1.08825,1.08871,1.08636,1.08674,1.0877388,1.0885379,1.0862392,1.0873514,1.08674,1.08763,1.08449,1.08554
277,1.0869141,1.0877186,1.0853797,1.0865481,1.08674,1.08763,1.08449,1.08554,1.0864257,1.0872293,1.0848874,1.0860698,1.08553,1.08814,1.0853,1.08732
278,1.0856485,1.0864828,1.0840749,1.0853205,1.08553,1.08814,1.0853,1.08732,1.0852474,1.0860988,1.0837144,1.0849254,1.08731,1.08812,1.08678,1.08679
279,1.0870684,1.087913,1.0855956,1.0866915,1.08731,1.08812,1.08678,1.08679,1.0867549,1.0875953,1.0853162,1.0863911,1.0867,1.08841,1.0867,1.08797
280,1.0869434,1.087751,1.0855044,1.086559,1.0867,1.08841,1.0867,1.08797,1.0864459,1.0872827,1.085063,1.0860986,1.08797,1.08838,1.08694,1.08811
281,1.0877792,1.0886059,1.0864391,1.0873853,1.08797,1.08838,1.08694,1.08811,1.0874217,1.0881753,1.0860183,1.0870012,1.08811,1.08897,1.08723,1.08859
282,1.0878774,1.0886097,1.0864917,1.087437,1.08811,1.08897,1.08723,1.08859,1.0874336,1.0881437,1.0859995,1.0870024,1.08859,1.09137,1.08856,1.08983
283,1.0882726,1.0889615,1.0868605,1.087809,1.08859,1.09137,1.08856,1.08983,1.0878601,1.0885435,1.0864156,1.0874159,1.08987,1.09042,1.08752,1.09015
284,1.0897297,1.0904127,1.0882916,1.0892104,1.08987,1.09042,1.08752,1.09015,1.0893347,1.0900004,1.0878527,1.0888635,1.09015,1.09033,1.08927,1.08949
285,1.0897744,1.0904522,1.0883021,1.0892938,1.09015,1.09033,1.08927,1.08949,1.0893059,1.0899861,1.0878304,1.0888851,1.08937,1.09015,1.08901,1.09003
286,1.0894175,1.0900648,1.0879409,1.0889783,1.08937,1.09015,1.08901,1.09003,1.0889525,1.0896426,1.0874883,1.0886012,1.09003,1.09168,1.08978,1.09091
287,1.0899389,1.0906066,1.0885034,1.0895439,1.09003,1.09168,1.08978,1.09091,1.089487,1.0902212,1.0881462,1.0891716,1.09091,1.09303,1.09046,1.09099
288,1.090772,1.0915062,1.089448,1.0904027,1.09091,1.09303,1.09046,1.09099,1.0904366,1.0911194,1.0890573,1.090061,1.09099,1.09123,1.08649,1.0866
289,1.0911417,1.0918365,1.0897595,1.090739,1.09099,1.09123,1.08649,1.0866,1.090738,1.0914247,1.0893421,1.0903803,1.08661,1.08711,1.08329,1.08493
290,1.0873134,1.0880805,1.0858055,1.0870891,1.08661,1.08711,1.08329,1.08493,1.0867469,1.0875591,1.0853678,1.0865358,1.08493,1.08553,1.08434,1.08458
291,1.0851129,1.0860085,1.0836776,1.0849669,1.08493,1.08553,1.08434,1.08458,1.0846794,1.0855236,1.0832851,1.0843997,1.08444,1.08534,1.08421,1.0847
292,1.084574,1.0854014,1.0831841,1.0842903,1.08444,1.08534,1.08421,1.0847,1.0842173,1.0849934,1.0827997,1.0838147,1.0847,1.08607,1.08445,1.08606
293,1.084741,1.085491,1.083351,1.0843134,1.0847,1.08607,1.08445,1.08606,1.0842711,1.0849695,1.082808,1.083774,1.08607,1.08715,1.08116,1.08189
294,1.0857084,1.0863862,1.0843039,1.0851624,1.08607,1.08715,1.08116,1.08189,1.0851973,1.0858738,1.0837406,1.084659,1.0819,1.08204,1.08024,1.08041
295,1.0823519,1.0831434,1.0807331,1.0819125,1.0819,1.08204,1.08024,1.08041,1.0817418,1.0825409,1.0800768,1.0812943,1.08041,1.08682,1.08033,1.08629
296,1.0807459,1.0815707,1.0790415,1.080331,1.08041,1.08682,1.08033,1.08629,1.0801488,1.0810063,1.0784482,1.0796951,1.08629,1.08701,1.08557,1.08621
297,1.0853217,1.0862044,1.0837817,1.0847248,1.08629,1.08701,1.08557,1.08621,1.0850188,1.0857974,1.0833734,1.084407,1.08622,1.08753,1.08605,1.08696
298,1.085972,1.0866935,1.0843474,1.0853087,1.08622,1.08753,1.08605,1.08696,1.0853206,1.086049,1.0836176,1.084767,1.08696,1.08709,1.08584,1.08697
299,1.0867465,1.087441,1.0850856,1.0861382,1.08696,1.08709,1.08584,1.08697,1.0862051,1.0869547,1.0845422,1.0857275,1.08697,1.08765,1.08519,1.08619
300,1.086764,1.087478,1.0851268,1.0862619,1.08697,1.08765,1.08519,1.08619,1.0862263,1.0869927,1.0846139,1.0858217,1.08619,1.08634,1.08141,1.08208
301,1.0861158,1.0868781,1.0844924,1.085712,1.08619,1.08634,1.08141,1.08208,1.0856985,1.0865047,1.0841314,1.0853767,1.08207,1.08486,1.08179,1.08211
302,1.0825695,1.0834745,1.0808665,1.0823601,1.08207,1.08486,1.08179,1.08211,1.0820879,1.0830371,1.0805327,1.081911,1.08212,1.08239,1.08049,1.08097
303,1.082487,1.083451,1.0809332,1.08229,1.08212,1.08239,1.08049,1.08097,1.0821675,1.08315,1.0807317,1.0819681,1.08095,1.08152,1.07924,1.07945
304,1.0812399,1.0822431,1.0797837,1.0810755,1.08095,1.08152,1.07924,1.07945,1.080889,1.0818697,1.0795248,1.080649,1.07943,1.0795,1.07768,1.07825
305,1.0797437,1.0807551,1.0783474,1.0795454,1.07943,1.0795,1.07768,1.07825,1.0793234,1.0802181,1.077866,1.078991,1.07823,1.0792,1.07661,1.07863
306,1.0783607,1.0792722,1.0768807,1.0780661,1.07823,1.0792,1.07661,1.07863,1.0779059,1.0787458,1.0763811,1.0775104,1.07862,1.08172,1.07846,1.08127
307,1.0783001,1.0791425,1.0767946,1.077897,1.07862,1.08172,1.07846,1.08127,1.0778748,1.0786597,1.0762961,1.0773898,1.08127,1.08417,1.07657,1.07963
308,1.0806426,1.0813907,1.0791317,1.0800474,1.08127,1.08417,1.07657,1.07963,1.0802363,1.0809348,1.0786201,1.0796286,1.07964,1.08125,1.07906,1.0793
309,1.0794992,1.080298,1.0778031,1.0789441,1.07964,1.08125,1.07906,1.0793,1.078883,1.07972,1.0771745,1.0783471,1.07944,1.08047,1.07933,1.08024
310,1.0794044,1.0802139,1.0776988,1.0788355,1.07944,1.08047,1.07933,1.08024,1.0788194,1.0795791,1.0769998,1.0782416,1.08024,1.08113,1.08013,1.08075
311,1.080113,1.0808146,1.0783455,1.0794766,1.08024,1.08113,1.08013,1.08075,1.0795826,1.0802989,1.0777537,1.079025,1.08075,1.08208,1.07993,1.08004
312,1.0807264,1.0813882,1.078939,1.0801125,1.08075,1.08208,1.07993,1.08004,1.0800935,1.0808887,1.0784523,1.0796782,1.08004,1.08223,1.08,1.08102
313,1.0803019,1.0810816,1.0786567,1.079868,1.08004,1.08223,1.08,1.08102,1.0798302,1.0806521,1.07822,1.0794812,1.08101,1.0814,1.07987,1.08074
314,1.0811317,1.0819325,1.079552,1.0807266,1.08101,1.0814,1.07987,1.08074,1.0807303,1.0815564,1.079209,1.0803998,1.08073,1.08199,1.08037,1.08182
315,1.0807843,1.0815958,1.0792743,1.0804477,1.08073,1.08199,1.08037,1.08182,1.0803952,1.0812272,1.0789422,1.0800914,1.08173,1.08316,1.08118,1.08237
316,1.0815847,1.0823882,1.0801605,1.0812283,1.08173,1.08316,1.08118,1.08237,1.081229,1.0820318,1.0798388,1.0808796,1.08237,1.08382,1.08234,1.08242
317,1.08222,1.0829953,1.0808352,1.0818212,1.08237,1.08382,1.08234,1.08242,1.081906,1.0826113,1.080459,1.0815022,1.08241,1.08296,1.08081,1.081
318,1.082605,1.0832819,1.0811613,1.082162,1.08241,1.08296,1.08081,1.081,1.0821444,1.0828397,1.0807148,1.0817584,1.081,1.08162,1.07861,1.07922
319,1.0813297,1.0820472,1.0798875,1.0809828,1.081,1.08162,1.07861,1.07922,1.080852,1.0815724,1.0794184,1.0804895,1.07922,1.08641,1.07821,1.08627
320,1.0794834,1.0802586,1.0780228,1.0791907,1.07922,1.08641,1.07821,1.08627,1.0790179,1.0797675,1.0775609,1.0786569,1.08627,1.0892,1.08604,1.08782
321,1.0849646,1.0857865,1.0834981,1.0843499,1.08627,1.0892,1.08604,1.08782,1.0847051,1.085394,1.0831634,1.0841025,1.08768,1.08848,1.0867,1.08697
322,1.0874796,1.0881793,1.0859039,1.0867356,1.08768,1.08848,1.0867,1.08697,1.0868587,1.0875669,1.0852368,1.0862988,1.08697,1.08723,1.08603,1.08606
323,1.0871135,1.0878092,1.0854907,1.0865357,1.08697,1.08723,1.08603,1.08606,1.0864226,1.0872151,1.0848484,1.086022,1.08605,1.08766,1.0855,1.08673
324,1.0861855,1.0869577,1.0846169,1.0857856,1.08605,1.08766,1.0855,1.08673,1.0856122,1.0863469,1.0840375,1.085268,1.08675,1.09257,1.0866,1.0921
325,1.0866209,1.0873541,1.085054,1.0862292,1.08675,1.09257,1.0866,1.0921,1.0862269,1.0869429,1.0846763,1.0858532,1.09209,1.09454,1.0913,1.09257
326,1.091289,1.0921289,1.089686,1.090695,1.09209,1.09454,1.0913,1.09257,1.0909349,1.0917574,1.0893564,1.090429,1.09257,1.09328,1.09167,1.09226
327,1.0924946,1.0933397,1.0908835,1.0919167,1.09257,1.09328,1.09167,1.09226,1.0918659,1.0927527,1.0902804,1.0914291,1.09217,1.0934,1.09189,1.0933
328,1.0922043,1.0930731,1.0906211,1.0917424,1.09217,1.0934,1.09189,1.0933,1.0916469,1.0925504,1.0900686,1.0912832,1.0933,1.09394,1.09182,1.09185
329,1.0930498,1.0939412,1.0914757,1.0926148,1.0933,1.09394,1.09182,1.09185,1.092573,1.093472,1.0910268,1.0922064,1.09185,1.09244,1.0877,1.08777
330,1.0919558,1.0928427,1.0904068,1.0916122,1.09185,1.09244,1.0877,1.08777,1.0914704,1.0923249,1.0899537,1.0911386,1.08777,1.0885,1.08575,1.08742
331,1.088369,1.08929,1.0867919,1.0881857,1.08777,1.0885,1.08575,1.08742,1.0877768,1.0886133,1.0863062,1.0875406,1.08743,1.08746,1.0835,1.08386
332,1.0872672,1.0881374,1.0858018,1.0870615,1.08743,1.08746,1.0835,1.08386,1.0868611,1.0876343,1.0854663,1.0865159,1.08387,1.08541,1.08365,1.08425
333,1.0841923,1.0850527,1.0826964,1.0839447,1.08387,1.08541,1.08365,1.08425,1.0836544,1.0844399,1.0821941,1.0832332,1.08418,1.0845,1.08362,1.08376
334,1.0842216,1.0849928,1.0827835,1.0837779,1.08418,1.0845,1.08362,1.08376,1.0836741,1.08437,1.0821623,1.0830908,1.08376,1.08541,1.08376,1.08465
335,1.0837735,1.0844413,1.0822742,1.0831772,1.08376,1.08541,1.08376,1.08465,1.0832623,1.08388,1.0816184,1.0826113,1.08464,1.08596,1.08284,1.08484
336,1.0846077,1.0851935,1.0830172,1.0839041,1.08464,1.08596,1.08284,1.08484,1.083901,1.0845721,1.0823319,1.0832951,1.08483,1.08819,1.08324,1.0864
337,1.0845586,1.0852367,1.0830095,1.0839384,1.08483,1.08819,1.08324,1.0864,1.0839703,1.0846566,1.0823432,1.0833385,1.08641,1.08813,1.078,1.07839
338,1.0858661,1.0865742,1.0842812,1.0851871,1.08641,1.08813,1.078,1.07839,1.0853618,1.0860494,1.083662,1.0846847,1.07839,1.0789,1.07714,1.07726
339,1.0796256,1.080609,1.0775717,1.0791495,1.07839,1.0789,1.07714,1.07726,1.0788287,1.0798293,1.0767796,1.0783871,1.07749,1.078,1.07714,1.07787
340,1.0779259,1.0789557,1.0758431,1.0775186,1.07749,1.078,1.07714,1.07787,1.0774623,1.0784903,1.0754197,1.0770502,1.07786,1.07873,1.07747,1.07869
341,1.0779835,1.0789604,1.075996,1.0775459,1.07786,1.07873,1.07747,1.07869,1.0775259,1.0785607,1.0756719,1.0771337,1.0787,1.0807,1.07835,1.07977
342,1.0786332,1.0796139,1.0768478,1.0782026,1.0787,1.0807,1.07835,1.07977,1.0781764,1.0791082,1.0764016,1.0777347,1.07977,1.08088,1.07923,1.07973
343,1.0795705,1.0804708,1.0778527,1.0790764,1.07977,1.08088,1.07923,1.07973,1.079111,1.0799773,1.0773695,1.0786419,1.07972,1.08054,1.07833,1.07938
344,1.0797489,1.0805775,1.0780305,1.0792449,1.07972,1.08054,1.07833,1.07938,1.0792267,1.0801079,1.0775691,1.0787996,1.07938,1.07968,1.07929,1.07958
345,1.079377,1.08025,1.0777277,1.0789422,1.07938,1.07968,1.07929,1.07958,1.0788614,1.0797458,1.0772678,1.0784515,1.07945,1.07978,1.07886,1.07931
346,1.0795089,1.0803365,1.0779501,1.0790601,1.07945,1.07978,1.07886,1.07931,1.0791111,1.079895,1.0775211,1.0786722,1.07933,1.07984,1.07808,1.07921
347,1.0794066,1.0801557,1.0778377,1.078947,1.07933,1.07984,1.07808,1.07921,1.0789464,1.0797436,1.0774233,1.0785311,1.07924,1.07937,1.07419,1.07482
348,1.0791781,1.0799613,1.0776706,1.0787529,1.07924,1.07937,1.07419,1.07482,1.0787851,1.0795375,1.0772245,1.0783654,1.07482,1.07571,1.07166,1.07439
349,1.0753752,1.0762831,1.0736783,1.0751064,1.07482,1.07571,1.07166,1.07439,1.0748459,1.0757697,1.0732381,1.0745935,1.07442,1.07487,1.07061,1.07295
350,1.0741953,1.0751898,1.07257,1.0739932,1.07442,1.07487,1.07061,1.07295,1.0738655,1.0748036,1.0722879,1.0735962,1.07295,1.07313,1.0719,1.07212
351,1.072683,1.0736872,1.0710533,1.0724796,1.07295,1.07313,1.0719,1.07212,1.0723226,1.0732945,1.07075,1.0720649,1.07214,1.07282,1.07151,1.07192
352,1.0720408,1.0729823,1.0704625,1.0717801,1.07214,1.07282,1.07151,1.07192,1.0716119,1.072522,1.0700387,1.0712935,1.07192,1.0736,1.0713,1.07357
353,1.0718328,1.0727054,1.0702714,1.0714918,1.07192,1.0736,1.0713,1.07357,1.0712887,1.0721822,1.0697875,1.0708891,1.07358,1.0748,1.07231,1.0734
354,1.0730062,1.0738508,1.071547,1.0725244,1.07358,1.0748,1.07231,1.0734,1.072624,1.0732844,1.0709374,1.0720068,1.0734,1.07488,1.07245,1.0737
355,1.073214,1.0738453,1.0715275,1.0725625,1.0734,1.07488,1.07245,1.0737,1.0725809,1.0732273,1.0708216,1.071973,1.07369,1.07404,1.07023,1.07208
356,1.073586,1.0742031,1.0718417,1.0729258,1.07369,1.07404,1.07023,1.07208,1.0729395,1.07361,1.0711875,1.0723761,1.07208,1.07294,1.072,1.07264
357,1.0719546,1.072682,1.0701706,1.07145,1.07208,1.07294,1.072,1.07264,1.0713598,1.0721486,1.0696173,1.0709381,1.07254,1.07274,1.07191,1.07221
358,1.0725217,1.0732392,1.0708145,1.0720311,1.07254,1.07274,1.07191,1.07221,1.0719918,1.0727699,1.0703326,1.0715878,1.07221,1.07317,1.07179,1.07191
359,1.0722562,1.0729909,1.0706115,1.0718263,1.07221,1.07317,1.07179,1.07191,1.0718126,1.0725795,1.0702096,1.0714424,1.07191,1.07256,1.07077,1.07104
360,1.0721483,1.0728823,1.070552,1.0717496,1.07191,1.07256,1.07077,1.07104,1.0716753,1.0724313,1.0700997,1.0713295,1.07104,1.07178,1.0686,1.06934
361,1.071298,1.0720581,1.069718,1.0709658,1.07104,1.07178,1.0686,1.06934,1.0708483,1.0716304,1.069319,1.0705447,1.06932,1.071,1.06863,1.0704
362,1.069609,1.0704534,1.0680479,1.0693741,1.06932,1.071,1.06863,1.0704,1.0691736,1.0700144,1.0676749,1.0689167,1.0704,1.07094,1.06937,1.0695
363,1.0702091,1.0710281,1.0687314,1.069898,1.0704,1.07094,1.06937,1.0695,1.0698228,1.0706271,1.0683882,1.0694656,1.06953,1.07151,1.06942,1.07141
364,1.0695572,1.0703439,1.0681173,1.0692053,1.06953,1.07151,1.06942,1.07141,1.0691744,1.0698806,1.0676453,1.068759,1.0714,1.07234,1.07047,1.07133
365,1.0711215,1.0717707,1.0696125,1.0705913,1.0714,1.07234,1.07047,1.07133,1.0706205,1.0712608,1.0690812,1.0701047,1.07132,1.0728,1.07076,1.07118
366,1.0712514,1.0718559,1.0697123,1.0706936,1.07132,1.0728,1.07076,1.07118,1.0707179,1.0713278,1.069126,1.0701978,1.07117,1.07136,1.06941,1.07023
367,1.0713477,1.0719303,1.0697528,1.0707849,1.07117,1.07136,1.06941,1.07023,1.0707266,1.0713396,1.0690999,1.070227,1.07024,1.07437,1.06995,1.07043
368,1.0702826,1.0709085,1.0686556,1.0698085,1.07024,1.07437,1.06995,1.07043,1.0697235,1.0703773,1.0681037,1.0692931,1.07043,1.07106,1.0697,1.06992
369,1.0708936,1.0715573,1.0692501,1.0703984,1.07043,1.07106,1.0697,1.06992,1.0703505,1.0710704,1.0687542,1.0699437,1.07127,1.07211,1.07072,1.07132
370,1.0702686,1.0709822,1.0686803,1.0698596,1.07127,1.07211,1.07072,1.07132,1.069754,1.0704738,1.0681838,1.0693733,1.07132,1.07377,1.07101,1.07354
371,1.0708196,1.0714505,1.0692445,1.0703595,1.07132,1.07377,1.07101,1.07354,1.0702374,1.0709351,1.0686952,1.0698411,1.07354,1.07414,1.07222,1.07284
372,1.0728544,1.0734714,1.0713067,1.0722983,1.07354,1.07414,1.07222,1.07284,1.0724275,1.0730399,1.0708411,1.0719333,1.07284,1.07343,1.07154,1.07274
373,1.0727339,1.0733083,1.0711362,1.0722152,1.07284,1.07343,1.07154,1.07274,1.0721561,1.0727948,1.0705906,1.0717299,1.07273,1.07592,1.07223,1.0751
374,1.0725669,1.0731847,1.0710028,1.0721136,1.07273,1.07592,1.07223,1.0751,1.071985,1.0726314,1.0704427,1.0715786,1.0751,1.07523,1.07442,1.07495
375,1.0746022,1.0752143,1.0730425,1.074047,1.0751,1.07523,1.07442,1.07495,1.0741943,1.0748138,1.0726254,1.0736941,1.0749,1.07524,1.07423,1.07438
376,1.0748389,1.0753951,1.0732718,1.074288,1.0749,1.07524,1.07423,1.07438,1.0742668,1.0748683,1.0727122,1.0737883,1.07438,1.07687,1.07375,1.0739
377,1.07446,1.0750282,1.0729085,1.0739604,1.07438,1.07687,1.07375,1.0739,1.0738502,1.0744371,1.0722864,1.0734015,1.07389,1.07409,1.0712,1.07145
378,1.0742457,1.0748471,1.0726618,1.07378,1.07389,1.07409,1.0712,1.07145,1.0737039,1.0743624,1.0721656,1.0732915,1.07144,1.0726,1.07056,1.07071
379,1.0718617,1.0726069,1.0703119,1.0715655,1.07144,1.0726,1.07056,1.07071,1.0713531,1.0720725,1.0698202,1.0710125,1.07069,1.07374,1.07054,1.07231
380,1.0710208,1.0717564,1.069484,1.0706965,1.07069,1.07374,1.07054,1.07231,1.0704907,1.0712326,1.0690218,1.0701365,1.07232,1.07643,1.0723,1.07557
381,1.0722417,1.0729605,1.0707773,1.0717878,1.07232,1.07643,1.0723,1.07557,1.0718396,1.0725143,1.0703596,1.071354,1.0755,1.07642,1.07513,1.07594
382,1.0751152,1.0757564,1.073611,1.0744367,1.0755,1.07642,1.07513,1.07594,1.0746119,1.0752119,1.0730578,1.073985,1.07594,1.07648,1.07445,1.07523
383,1.0758307,1.0763748,1.0742719,1.0751212,1.07594,1.07648,1.07445,1.07523,1.0751588,1.075721,1.0735406,1.0745568,1.07522,1.07545,1.0731,1.07351
384,1.0752281,1.0757835,1.0736084,1.0746212,1.07522,1.07545,1.0731,1.07351,1.0745149,1.0751063,1.0728912,1.0739936,1.07351,1.07617,1.07109,1.07478
385,1.0735849,1.0742103,1.0719541,1.0731195,1.07351,1.07617,1.07109,1.07478,1.0729723,1.0736364,1.0713557,1.072544,1.07477,1.0756,1.07269,1.07405
386,1.0742928,1.0749873,1.0726708,1.0738125,1.07477,1.0756,1.07269,1.07405,1.0738497,1.0745317,1.0722227,1.0733795,1.07406,1.07491,1.07279,1.07292
387,1.0738537,1.0745345,1.0722147,1.0733854,1.07406,1.07491,1.07279,1.07292,1.0733224,1.0740577,1.0717448,1.0729113,1.0729,1.07424,1.07282,1.07399
388,1.0730397,1.0737715,1.0714498,1.0726389,1.0729,1.07424,1.07282,1.07399,1.0724633,1.0732058,1.0708714,1.0720764,1.07399,1.07488,1.07315,1.0747
389,1.0738239,1.0745058,1.0722481,1.0733508,1.07399,1.07488,1.07315,1.0747,1.0733792,1.074063,1.0717936,1.0729271,1.0747,1.07521,1.07322,1.0734
390,1.0744448,1.0750878,1.0728685,1.0739275,1.0747,1.07521,1.07322,1.0734,1.073911,1.0745839,1.0723833,1.0734564,1.0734,1.07469,1.0655,1.06769
391,1.0735052,1.074171,1.0719664,1.0730673,1.0734,1.07469,1.0655,1.06769,1.0729107,1.0735996,1.0713859,1.0724896,1.06766,1.06973,1.0645,1.06485
392,1.0682281,1.0692674,1.0665411,1.0681026,1.06766,1.06973,1.0645,1.06485,1.0676986,1.0686678,1.0660752,1.0674702,1.06485,1.06507,1.06317,1.06431
393,1.0655118,1.0666559,1.0637995,1.0654125,1.06485,1.06507,1.06317,1.06431,1.0651318,1.0661366,1.0634422,1.0648501,1.06421,1.06437,1.06342,1.06422
394,1.0644085,1.0654325,1.0627112,1.0641644,1.06421,1.06437,1.06342,1.06422,1.0640626,1.0649087,1.0622613,1.063602,1.06422,1.06535,1.06331,1.06534
395,1.0641973,1.0650016,1.0624188,1.0637218,1.06422,1.06535,1.06331,1.06534,1.0637091,1.0644282,1.0618042,1.0630901,1.06534,1.06687,1.06488,1.06656
396,1.0650399,1.065702,1.0631826,1.0643513,1.06534,1.06687,1.06488,1.06656,1.064371,1.0650175,1.0624269,1.0636696,1.06655,1.06693,1.06451,1.06504
397,1.0662209,1.0667945,1.0643177,1.0654154,1.06655,1.06693,1.06451,1.06504,1.0654609,1.0661218,1.0635804,1.064771,1.06504,1.06877,1.06496,1.06721
398,1.0650786,1.0657377,1.0631822,1.0644035,1.06504,1.06877,1.06496,1.06721,1.0642856,1.0650216,1.0624318,1.0637195,1.06722,1.06763,1.06569,1.06574
399,1.0670067,1.0676918,1.0651826,1.0662891,1.06722,1.06763,1.06569,1.06574,1.0664113,1.0671188,1.0645851,1.06581,1.06579,1.06717,1.06579,1.06714
400,1.065988,1.0666875,1.0641505,1.0653996,1.06579,1.06717,1.06579,1.06714,1.0653844,1.0661402,1.0635551,1.0649152,1.06714,1.06737,1.06611,1.06686
401,1.0670695,1.0677494,1.0652766,1.0664977,1.06714,1.06737,1.06611,1.06686,1.066467,1.0672152,1.0647418,1.0660284,1.06687,1.06777,1.06562,1.0664
402,1.0667976,1.067505,1.0650848,1.0663306,1.06687,1.06777,1.06562,1.0664,1.0663524,1.0671021,1.064676,1.0659697,1.06639,1.06748,1.0656,1.06568
403,1.0665036,1.0672383,1.0648266,1.0661072,1.06639,1.06748,1.0656,1.06568,1.0660398,1.0667881,1.0643992,1.065715,1.06568,1.06988,1.06546,1.0692
404,1.0659813,1.0667195,1.0643367,1.0656512,1.06568,1.06988,1.06546,1.0692,1.0655386,1.0663178,1.0639853,1.0652721,1.0692,1.0698,1.06779,1.06912
405,1.0688137,1.0695691,1.0672581,1.0683588,1.0692,1.0698,1.06779,1.06912,1.0685142,1.0692414,1.0670044,1.0681031,1.06896,1.06965,1.0685,1.06885
406,1.0689846,1.0696795,1.0674716,1.0685394,1.06896,1.06965,1.0685,1.06885,1.0684885,1.0692135,1.0670156,1.0680848,1.06885,1.06895,1.06788,1.06799
407,1.0689144,1.0695992,1.0674428,1.0684717,1.06885,1.06895,1.06788,1.06799,1.0683624,1.0689809,1.0668237,1.0679128,1.06799,1.06952,1.06751,1.06865
408,1.0680512,1.0686553,1.0665203,1.0676138,1.06799,1.06952,1.06751,1.06865,1.0675324,1.068115,1.0659661,1.0670937,1.06862,1.07179,1.06819,1.06996
409,1.0686215,1.0691658,1.0670455,1.0681047,1.06862,1.07179,1.06819,1.06996,1.0680747,1.0686296,1.0664988,1.0675812,1.06997,1.07014,1.06783,1.06846
410,1.0699897,1.0705125,1.0683806,1.0693718,1.06997,1.07014,1.06783,1.06846,1.0694697,1.0700186,1.06785,1.0689249,1.06846,1.06917,1.06761,1.06785
411,1.0686618,1.069241,1.0670465,1.0681736,1.06846,1.06917,1.06761,1.06785,1.0680377,1.0686591,1.0664603,1.0676112,1.06781,1.0686,1.0677,1.06848
412,1.0680107,1.0686226,1.0664349,1.0675797,1.06781,1.0686,1.0677,1.06848,1.0673966,1.0680472,1.0658681,1.0669882,1.06848,1.06897,1.06781,1.06785
413,1.0683837,1.0689722,1.066858,1.0678953,1.06848,1.06897,1.06781,1.06785,1.067936,1.0685029,1.0663791,1.0674418,1.06785,1.06969,1.0673,1.06963
414,1.0680414,1.0685778,1.0664843,1.0675309,1.06785,1.06969,1.0673,1.06963,1.0674206,1.0680095,1.0659249,1.066961,1.06962,1.0705,1.06921,1.06979
415,1.0692987,1.0698452,1.0677971,1.0687165,1.06962,1.0705,1.06921,1.06979,1.0688117,1.0693239,1.0672511,1.0682486,1.06979,1.07368,1.06969,1.07351
416,1.0697759,1.0702301,1.0682087,1.0691408,1.06979,1.07368,1.06969,1.07351,1.0691715,1.0696937,1.0676106,1.0686272,1.07349,1.07353,1.065,1.06592
417,1.0728892,1.0733602,1.071288,1.0721062,1.07349,1.07353,1.065,1.06592,1.0723711,1.0728555,1.0707368,1.0717058,1.06593,1.06639,1.06298,1.06313
418,1.0665649,1.0674013,1.0648613,1.0663217,1.06593,1.06639,1.06298,1.06313,1.0658572,1.066689,1.0641863,1.0655993,1.06313,1.06413,1.06168,1.0637
419,1.063514,1.0644919,1.0617925,1.0634005,1.06313,1.06413,1.06168,1.0637,1.0631014,1.0639794,1.0613929,1.0628618,1.0637,1.06637,1.06326,1.06555
420,1.0633974,1.0642658,1.0617032,1.0631417,1.0637,1.06637,1.06326,1.06555,1.0630139,1.0638422,1.061402,1.0626733,1.0655,1.06647,1.0624,1.06421
421,1.0651186,1.065881,1.0635238,1.0646476,1.0655,1.06647,1.0624,1.06421,1.064758,1.0654575,1.0630927,1.0642372,1.06421,1.06736,1.06377,1.06557
422,1.0641057,1.0648555,1.0624156,1.0636358,1.06421,1.06736,1.06377,1.06557,1.0634904,1.0642126,1.0617515,1.0629852,1.06556,1.06708,1.06555,1.06602
423,1.0653104,1.0659931,1.0635778,1.0646942,1.06556,1.06708,1.06555,1.06602,1.064692,1.0653588,1.062872,1.06409,1.06593,1.06635,1.06533,1.06576
424,1.0660695,1.0666622,1.0642567,1.0653673,1.06593,1.06635,1.06533,1.06576,1.0653585,1.0660071,1.0635567,1.0647643,1.06576,1.06576,1.06409,1.06546
425,1.065868,1.0664732,1.0640805,1.0652316,1.06576,1.06576,1.06409,1.06546,1.0651517,1.0658127,1.0634272,1.0646242,1.06546,1.06679,1.06149,1.06462
426,1.065277,1.0659223,1.0635648,1.0647393,1.06546,1.06679,1.06149,1.06462,1.064668,1.0653328,1.0629474,1.0641737,1.06463,1.06607,1.0634,1.06554
427,1.0641924,1.064943,1.0624498,1.0637532,1.06463,1.06607,1.0634,1.06554,1.0636784,1.064435,1.0619485,1.0632616,1.06554,1.06717,1.0642,1.06555
428,1.0650508,1.065753,1.0633287,1.0645489,1.06554,1.06717,1.0642,1.06555,1.0645707,1.0653005,1.0628647,1.0641218,1.06555,1.06615,1.06393,1.06422
429,1.0653985,1.0660956,1.0636848,1.0648944,1.06555,1.06615,1.06393,1.06422,1.0649332,1.0656387,1.063205,1.0644972,1.06499,1.06554,1.06419,1.06544
430,1.0644392,1.065147,1.062702,1.0640284,1.06499,1.06554,1.06419,1.06544,1.0638697,1.0646282,1.062201,1.0635297,1.06544,1.06551,1.0643,1.06488
431,1.0649481,1.0656272,1.063288,1.0645299,1.06544,1.06551,1.0643,1.06488,1.0644256,1.0651366,1.0628045,1.0640516,1.06488,1.06531,1.06242,1.06256
432,1.0646137,1.0652741,1.0629921,1.064215,1.06488,1.06531,1.06242,1.06256,1.0640072,1.0647943,1.0625652,1.0636638,1.06256,1.06435,1.06191,1.0622
433,1.0626258,1.0634886,1.06117,1.0623803,1.06256,1.06435,1.06191,1.0622,1.0622042,1.0629208,1.0606347,1.0618199,1.0622,1.06244,1.05754,1.05891
434,1.0623704,1.063083,1.060793,1.0619714,1.0622,1.06244,1.05754,1.05891,1.0619246,1.0625705,1.0602816,1.0614632,1.05891,1.05987,1.05855,1.05925
435,1.0592325,1.0600729,1.0575464,1.058972,1.05891,1.05987,1.05855,1.05925,1.0587299,1.0595024,1.0570593,1.0583807,1.05926,1.05965,1.05806,1.05843
436,1.0592437,1.0599732,1.0575895,1.0588504,1.05926,1.05965,1.05806,1.05843,1.0587507,1.0594741,1.0571189,1.0583035,1.05843,1.05928,1.05783,1.05926
437,1.0585142,1.0592266,1.0568815,1.0580748,1.05843,1.05928,1.05783,1.05926,1.0580037,1.0586483,1.0562961,1.0574961,1.05926,1.06,1.05699,1.05959
438,1.0590694,1.0596511,1.0573843,1.058486,1.05926,1.06,1.05699,1.05959,1.0584692,1.0590588,1.0567633,1.0578868,1.0596,1.06089,1.05895,1.06057
439,1.0591108,1.0596899,1.057413,1.0584968,1.0596,1.06089,1.05895,1.06057,1.058464,1.0590647,1.05674,1.0578775,1.06057,1.06065,1.05676,1.05692
440,1.0601727,1.0606886,1.0584584,1.059466,1.06057,1.06065,1.05676,1.05692,1.0594965,1.0600644,1.0577592,1.0588882,1.05692,1.05763,1.05617,1.05716
441,1.0571947,1.057899,1.0554123,1.0567477,1.05692,1.05763,1.05617,1.05716,1.0565038,1.0572531,1.0547477,1.0561049,1.05711,1.05738,1.05562,1.05602
442,1.0570321,1.057736,1.0552903,1.056589,1.05711,1.05738,1.05562,1.05602,1.0565269,1.0572193,1.0547963,1.0560944,1.05602,1.05703,1.05572,1.05602
443,1.0561275,1.0568197,1.0543926,1.0557147,1.05602,1.05703,1.05572,1.05602,1.0555924,1.0563164,1.0539066,1.0552013,1.05601,1.05741,1.05547,1.05599
444,1.0561496,1.0568227,1.0544722,1.0557069,1.05601,1.05741,1.05547,1.05599,1.0556726,1.0563608,1.0540147,1.0552446,1.05599,1.05637,1.05345,1.05466
445,1.0562202,1.0568758,1.0545655,1.0557466,1.05599,1.05637,1.05345,1.05466,1.0557346,1.056372,1.0540577,1.05528,1.05464,1.05489,1.05007,1.05029
446,1.0548127,1.0555129,1.0531285,1.0544287,1.05464,1.05489,1.05007,1.05029,1.0542928,1.0549942,1.0526555,1.0539051,1.05028,1.05189,1.0488,1.05021
447,1.0508702,1.0518142,1.0491769,1.0507382,1.05028,1.05189,1.0488,1.05021,1.0503563,1.0512209,1.0487329,1.0501169,1.05027,1.05153,1.05007,1.05151
448,1.0502155,1.0511092,1.048589,1.0499874,1.05027,1.05153,1.05007,1.05151,1.0499343,1.0506783,1.0482622,1.0495281,1.05151,1.05162,1.04966,1.05042
449,1.0513241,1.0519727,1.049667,1.0508072,1.05151,1.05162,1.04966,1.05042,1.0508537,1.0514834,1.0491828,1.0502793,1.05042,1.05244,1.04904,1.05171
450,1.0504351,1.051074,1.0487629,1.0498899,1.05042,1.05244,1.04904,1.05171,1.0498508,1.0504165,1.0480596,1.0492516,1.05169,1.05573,1.05153,1.05179
451,1.0513767,1.0519003,1.0495872,1.0506707,1.05169,1.05573,1.05153,1.05179,1.050715,1.0512685,1.0489154,1.0500656,1.05178,1.0579,1.05177,1.05579
452,1.0522758,1.0527885,1.0504436,1.0515091,1.05178,1.0579,1.05177,1.05579,1.0515603,1.0521371,1.0497035,1.0509472,1.05579,1.05673,1.05498,1.05656
453,1.0556674,1.056186,1.053773,1.0547553,1.05579,1.05673,1.05498,1.05656,1.0549704,1.0555313,1.0530895,1.0542935,1.05644,1.05675,1.0558,1.05641
454,1.0564117,1.0568938,1.0545248,1.0556154,1.05644,1.05675,1.0558,1.05641,1.05571,1.056272,1.0538632,1.0551443,1.05641,1.05828,1.0562,1.05801
455,1.0564486,1.0569456,1.0546068,1.0558145,1.05641,1.05828,1.0562,1.05801,1.0556958,1.05634,1.0539718,1.05527,1.05801,1.06166,1.05741,1.06085
456,1.0576978,1.0582393,1.0559499,1.0571036,1.05801,1.06166,1.05741,1.06085,1.0572275,1.0577877,1.0554557,1.0567471,1.06082,1.0617,1.05879,1.05998
457,1.0603156,1.0607904,1.0584962,1.0596066,1.06082,1.0617,1.05879,1.05998,1.0597969,1.0603579,1.0580336,1.0592849,1.05997,1.06073,1.05699,1.05775
458,1.0600085,1.0605608,1.0582323,1.0594873,1.05997,1.06073,1.05699,1.05775,1.0594199,1.0600466,1.0576952,1.0590373,1.05775,1.05798,1.05639,1.05728
459,1.0580404,1.058777,1.0563246,1.0577875,1.05775,1.05798,1.05639,1.05728,1.0574802,1.0582299,1.0558538,1.0572486,1.05658,1.05705,1.05577,1.0564
460,1.0571755,1.0579264,1.0555604,1.0569592,1.05658,1.05705,1.05577,1.0564,1.0567907,1.057495,1.0552375,1.0564865,1.05641,1.05712,1.0564,1.05687
461,1.0566092,1.0573077,1.0550675,1.0563054,1.05641,1.05712,1.0564,1.05687,1.05623,1.0568478,1.05472,1.0557954,1.05685,1.05917,1.05599,1.05619
462,1.0569504,1.0574926,1.0554365,1.0564378,1.05685,1.05917,1.05599,1.05619,1.0564988,1.0569489,1.054912,1.0559021,1.05619,1.05626,1.05249,1.05294
463,1.0567223,1.057192,1.0551176,1.0561146,1.05619,1.05626,1.05249,1.05294,1.0560819,1.0565343,1.0544536,1.0554848,1.05294,1.05325,1.04883,1.04892
464,1.053483,1.0541456,1.0518794,1.0531229,1.05294,1.05325,1.04883,1.04892,1.0528718,1.0534708,1.051256,1.0524102,1.04892,1.05051,1.04774,1.04774
465,1.0495698,1.0504266,1.0479397,1.0493891,1.04892,1.05051,1.04774,1.04774,1.0490979,1.0497805,1.0474077,1.0486889,1.04777,1.04827,1.04642,1.04723
466,1.04829,1.0490396,1.0465887,1.0479413,1.04777,1.04827,1.04642,1.04723,1.0478487,1.048468,1.0460993,1.0472958,1.04723,1.04747,1.04597,1.04633
467,1.0474784,1.0481119,1.045733,1.0469513,1.04723,1.04747,1.04597,1.04633,1.0469736,1.0475047,1.0451183,1.0462831,1.04633,1.04935,1.04607,1.04854
468,1.0466287,1.0471604,1.0447747,1.0459579,1.04633,1.04935,1.04607,1.04854,1.0458899,1.0464246,1.0440137,1.0451804,1.04854,1.04913,1.0462,1.04664
469,1.048434,1.0488673,1.0465646,1.0475258,1.04854,1.04913,1.0462,1.04664,1.0477169,1.0481901,1.045801,1.0468557,1.04663,1.04857,1.04482,1.04622
470,1.0469977,1.0475175,1.0450681,1.0461924,1.04663,1.04857,1.04482,1.04622,1.0461487,1.0467054,1.0441984,1.0454462,1.04622,1.04797,1.04595,1.04662
471,1.0464582,1.0470371,1.0445005,1.0457377,1.04622,1.04797,1.04595,1.04662,1.0456929,1.0463194,1.0437679,1.045086,1.04655,1.04757,1.04632,1.04713
472,1.0468695,1.0474254,1.0449531,1.0461679,1.04655,1.04757,1.04632,1.04713,1.046161,1.0468088,1.0443385,1.0456082,1.04713,1.0472,1.04571,1.04699
473,1.0472698,1.047834,1.0454615,1.0466199,1.04713,1.0472,1.04571,1.04699,1.046657,1.0472677,1.0448811,1.0461001,1.04699,1.04888,1.04512,1.04861
474,1.0469213,1.0475004,1.0451583,1.0463387,1.04699,1.04888,1.04512,1.04861,1.0463595,1.0469395,1.0445845,1.0458406,1.04862,1.05322,1.04848,1.05253
475,1.0480069,1.0485414,1.0462347,1.047371,1.04862,1.05322,1.04848,1.05253,1.047504,1.0480709,1.0457532,1.0469722,1.05253,1.05259,1.0483,1.05122
476,1.0517267,1.0521445,1.0499318,1.050867,1.05253,1.05259,1.0483,1.05122,1.0512545,1.0517629,1.049473,1.0506274,1.05121,1.05195,1.04979,1.05036
477,1.0508522,1.0514182,1.0490656,1.0502867,1.05121,1.05195,1.04979,1.05036,1.0501899,1.0508348,1.0484816,1.0498068,1.05035,1.05221,1.05022,1.05203
478,1.0503093,1.0509326,1.0485924,1.0499157,1.05035,1.05221,1.05022,1.05203,1.0497137,1.0503933,1.0480698,1.0494092,1.05201,1.05289,1.05201,1.05207
479,1.0516149,1.0521829,1.0499465,1.0511416,1.05201,1.05289,1.05201,1.05207,1.0511955,1.0517552,1.0495414,1.0507349,1.05207,1.05261,1.05015,1.05041
480,1.0521702,1.0526317,1.0505004,1.0516132,1.05207,1.05261,1.05015,1.05041,1.051602,1.052082,1.0499183,1.0511048,1.05043,1.05297,1.05,1.05147
481,1.0507953,1.0513321,1.0491171,1.050371,1.05043,1.05297,1.05,1.05147,1.0502262,1.0507541,1.0485704,1.0498074,1.05147,1.054,1.05079,1.05358
482,1.0515016,1.0519867,1.0498244,1.050974,1.05147,1.054,1.05079,1.05358,1.0510428,1.0515211,1.0493772,1.0505236,1.05358,1.05517,1.0529,1.05502
483,1.053226,1.0536304,1.051527,1.0525243,1.05358,1.05517,1.0529,1.05502,1.0527103,1.0531173,1.0509979,1.0520824,1.05492,1.05502,1.05414,1.05418
484,1.0546553,1.0549831,1.0529145,1.0538629,1.05492,1.05502,1.05414,1.05418,1.0540262,1.0544292,1.0523462,1.0533844,1.05417,1.05475,1.05383,1.05404
485,1.0543677,1.054715,1.0526843,1.0536861,1.05417,1.05475,1.05383,1.05404,1.0536679,1.0540464,1.051964,1.0530732,1.05405,1.05533,1.05315,1.05482
486,1.0542388,1.0545642,1.0525287,1.0535794,1.05405,1.05533,1.05315,1.05482,1.0535595,1.0539277,1.051864,1.0529813,1.05483,1.05686,1.04825,1.04966
487,1.0547341,1.0550517,1.0530207,1.054052,1.05483,1.05686,1.04825,1.04966,1.0540953,1.0544562,1.052403,1.0534908,1.04967,1.06001,1.04882,1.05791
488,1.0502999,1.0510811,1.0486317,1.0501,1.04967,1.06001,1.04882,1.05791,1.0497454,1.0504364,1.0480845,1.0494405,1.05791,1.05995,1.05771,1.0585
489,1.0565205,1.0571278,1.0547297,1.0557017,1.05791,1.05995,1.05771,1.0585,1.056254,1.0567504,1.0543717,1.0554779,1.05493,1.05743,1.05484,1.05734
490,1.0584419,1.0588045,1.0565157,1.0574881,1.05493,1.05743,1.05484,1.05734,1.0576339,1.0581034,1.0556986,1.056949,1.05734,1.05741,1.05478,1.055
491,1.0585259,1.0590882,1.0566125,1.0577507,1.05734,1.05741,1.05478,1.055,1.0577993,1.0583491,1.0559905,1.057177,1.05501,1.05586,1.05194,1.05417
492,1.0558918,1.0565642,1.0541141,1.0554262,1.05501,1.05586,1.05194,1.05417,1.055291,1.0559149,1.0535151,1.0548148,1.05418,1.05452,1.05225,1.05329
493,1.0542703,1.0550104,1.0525154,1.0538927,1.05418,1.05452,1.05225,1.05329,1.0537333,1.054387,1.0519985,1.0532948,1.05329,1.05575,1.05325,1.05356
494,1.0532405,1.0539193,1.0515147,1.0528421,1.05329,1.05575,1.05325,1.05356,1.0527377,1.0533919,1.0510685,1.0522925,1.05356,1.05721,1.05351,1.05662
495,1.0538085,1.0543967,1.0521151,1.0532646,1.05356,1.05721,1.05351,1.05662,1.0532736,1.0538534,1.051568,1.0527234,1.05662,1.05834,1.05644,1.05726
496,1.0563092,1.0567755,1.0545614,1.0555098,1.05662,1.05834,1.05644,1.05726,1.0557561,1.0562015,1.0539286,1.055017,1.05726,1.05807,1.05606,1.05613
497,1.0573659,1.0577185,1.0555123,1.0564861,1.05726,1.05807,1.05606,1.05613,1.0566412,1.0570922,1.054795,1.0559406,1.05614,1.06095,1.05543,1.06042
498,1.0566051,1.0570538,1.054756,1.055904,1.05614,1.06095,1.05543,1.06042,1.0557908,1.056331,1.0540142,1.0552516,1.06042,1.0611,1.05718,1.0593
499,1.0596614,1.0601428,1.0578297,1.0588328,1.06042,1.0611,1.05718,1.0593,1.0591633,1.0596646,1.0573484,1.0584729,1.05929,1.06198,1.05847,1.06171
